year,event,source_file,bracket_index,heading_path,template,round_label,stage_from_final,match_no,t1_raw,t2_raw,raw_scores,result_type,winner_conflict,winner
2025,MD,2025_BWF_World_Championships_Men_s_doubles.wikitext,1,Finals,4TeamBracket-Tennis3,Semi-finals,2,1,'''{{flagicon|KOR}} [[Kim Won-ho]]<br />{{flagicon|KOR}} [[Seo Seung-jae]]''',{{flagicon|DEN}} [[Kim Astrup]]<br />{{flagicon|DEN}} [[Anders Skaarup Rasmussen]],'''21'''-12 | '''21'''-3 | -,Completed,False,1
2025,MD,2025_BWF_World_Championships_Men_s_doubles.wikitext,1,Finals,4TeamBracket-Tennis3,Semi-finals,2,2,{{flagicon|CHN}} '''[[Chen Boyang]]<br />{{flagicon|CHN}} [[Liu Yi (badminton)|Liu Yi]]''',{{flagicon|IND}} [[Satwiksairaj Rankireddy]] <br />{{flagicon|IND}} [[Chirag Shetty]],'''21'''-19 | 18-'''21''' | '''21'''-12,Completed,False,1
2025,MD,2025_BWF_World_Championships_Men_s_doubles.wikitext,1,Finals,4TeamBracket-Tennis3,Final,1,1,'''{{flagicon|KOR}} [[Kim Won-ho]]<br />{{flagicon|KOR}} [[Seo Seung-jae]]''',{{flagicon|CHN}} [[Chen Boyang]]<br />{{flagicon|CHN}} [[Liu Yi (badminton)|Liu Yi]],'''21'''-17 | '''21'''-12 | -,Completed,False,1
2025,MD,2025_BWF_World_Championships_Men_s_doubles.wikitext,2,Top half > Section 1,16TeamBracket-Tennis3-Byes,First round,6,2,'''{{flagicon|SGP}} [[Wesley Koh|W Koh]]<br/>&nbsp;{{flagicon|SGP}} [[Junsuke Kubo|J Kubo]]''',{{flagicon|AZE}} [[Agil Gabilov|A Gabilov]]<br/>&nbsp;{{flagicon|AZE}} [[Dicky Dwi Pangestu|D D Pangestu]],'''21'''-9 | '''21'''-13 | -,Completed,False,1
2025,MD,2025_BWF_World_Championships_Men_s_doubles.wikitext,2,Top half > Section 1,16TeamBracket-Tennis3-Byes,First round,6,4,'''{{flagicon|FRA}} [[Éloi Adam|É Adam]]<br/>&nbsp;{{flagicon|FRA}} [[Léo Rossi|L Rossi]]''',{{flagicon|ENG}} [[Rory Easton|R Easton]]<br/>&nbsp;{{flagicon|ENG}} [[Alex Green (badminton)|A Green]],'''21'''-17 | '''21'''-14 | -,Completed,False,1
2025,MD,2025_BWF_World_Championships_Men_s_doubles.wikitext,2,Top half > Section 1,16TeamBracket-Tennis3-Byes,First round,6,6,'''{{flagicon|FRA}} [[Christo Popov|C Popov]]<br/>&nbsp;{{flagicon|FRA}} [[Toma Junior Popov|T J Popov]]''',{{flagicon|AUS}} [[Keith Mark Edison|K M Edison]]<br/>&nbsp;{{flagicon|AUS}} [[Jack Yu|J Yu]],'''21'''-12 | '''21'''-17 | -,Completed,False,1
2025,MD,2025_BWF_World_Championships_Men_s_doubles.wikitext,2,Top half > Section 1,16TeamBracket-Tennis3-Byes,First round,6,8,'''{{flagicon|KOR}} [[Kim Gi-jung|Kim G-j]]<br/>&nbsp;{{flagicon|KOR}} [[Kim Sa-rang (badminton)|Kim S-r]]''',{{flagicon|HKG}} [[Law Cheuk Him|Law C H]]<br/>&nbsp;{{flagicon|HKG}} [[Yeung Shing Choi|Yeung S C]],'''23'''-21 | '''21'''-17 | -,Completed,False,1
2025,MD,2025_BWF_World_Championships_Men_s_doubles.wikitext,2,Top half > Section 1,16TeamBracket-Tennis3-Byes,Second round,5,1,'''{{flagicon|KOR}} [[Kim Won-ho|Kim W-h]]<br/>&nbsp;{{flagicon|KOR}} [[Seo Seung-jae|Seo S-j]]''',{{flagicon|SGP}} [[Wesley Koh|W Koh]]<br/>&nbsp;{{flagicon|SGP}} [[Junsuke Kubo|J Kubo]],'''21'''-17 | '''21'''-12 | -,Completed,False,1
2025,MD,2025_BWF_World_Championships_Men_s_doubles.wikitext,2,Top half > Section 1,16TeamBracket-Tennis3-Byes,Second round,5,2,'''{{flagicon|INA}} [[Leo Rolly Carnando|L R Carnando]]<br/>&nbsp;{{flagicon|INA}} [[Bagas Maulana|B Maulana]]''',{{flagicon|FRA}} [[Éloi Adam|É Adam]]<br/>&nbsp;{{flagicon|FRA}} [[Léo Rossi|L Rossi]],'''21'''-8 | '''21'''-9 | -,Completed,False,1
2025,MD,2025_BWF_World_Championships_Men_s_doubles.wikitext,2,Top half > Section 1,16TeamBracket-Tennis3-Byes,Second round,5,3,'''{{flagicon|MAS}} [[Man Wei Chong|Man W C]]<br/>&nbsp;{{flagicon|MAS}} [[Tee Kai Wun|Tee K W]]''',{{flagicon|FRA}} [[Christo Popov|C Popov]]<br/>&nbsp;{{flagicon|FRA}} [[Toma Junior Popov|T J Popov]],'''21'''-15 | 13-'''21''' | '''21'''-19,Completed,False,1
2025,MD,2025_BWF_World_Championships_Men_s_doubles.wikitext,2,Top half > Section 1,16TeamBracket-Tennis3-Byes,Second round,5,4,'''{{flagicon|ENG}} [[Ben Lane|B Lane]]<br/>&nbsp;{{flagicon|ENG}} [[Sean Vendy|S Vendy]]''',{{flagicon|KOR}} [[Kim Gi-jung|Kim G-j]]<br/>&nbsp;{{flagicon|KOR}} [[Kim Sa-rang (badminton)|Kim S-r]],'''21'''-18 | '''21'''-16 | -,Completed,False,1
2025,MD,2025_BWF_World_Championships_Men_s_doubles.wikitext,2,Top half > Section 1,16TeamBracket-Tennis3-Byes,Third round,4,1,'''{{flagicon|KOR}} [[Kim Won-ho|Kim W-h]]<br/>&nbsp;{{flagicon|KOR}} [[Seo Seung-jae|Seo S-j]]''',{{flagicon|INA}} [[Leo Rolly Carnando|L R Carnando]]<br/>&nbsp;{{flagicon|INA}} [[Bagas Maulana|B Maulana]],17-'''21''' | '''21'''-9 | '''21'''-4,Completed,False,1
2025,MD,2025_BWF_World_Championships_Men_s_doubles.wikitext,2,Top half > Section 1,16TeamBracket-Tennis3-Byes,Third round,4,2,'''{{flagicon|MAS}} [[Man Wei Chong|Man W C]]<br/>&nbsp;{{flagicon|MAS}} [[Tee Kai Wun|Tee K W]]''',{{flagicon|ENG}} [[Ben Lane|B Lane]]<br/>&nbsp;{{flagicon|ENG}} [[Sean Vendy|S Vendy]],'''21'''-18 | '''21'''-18 | -,Completed,False,1
2025,MD,2025_BWF_World_Championships_Men_s_doubles.wikitext,2,Top half > Section 1,16TeamBracket-Tennis3-Byes,Quarter-finals,3,1,'''{{flagicon|KOR}} [[Kim Won-ho|Kim W-h]]<br/>&nbsp;{{flagicon|KOR}} [[Seo Seung-jae|Seo S-j]]''',{{flagicon|MAS}} [[Man Wei Chong|Man W C]]<br/>&nbsp;{{flagicon|MAS}} [[Tee Kai Wun|Tee K W]],'''23'''-21 | 21-'''23''' | '''21'''-15,Completed,False,1
2025,MD,2025_BWF_World_Championships_Men_s_doubles.wikitext,3,Top half > Section 2,16TeamBracket-Tennis3-Byes,First round,6,2,'''{{flagicon|HKG}} [[Hung Kuei Chun|Hung K C]]<br />{{flagicon|HKG}} [[Lui Chun Wai|Lui C W]]''',{{flagicon|CAN}} [[Kevin Lee (badminton)|K Lee]]<br />{{flagicon|CAN}} [[Ty Alexander Lindeman|T A Lindeman]],'''21'''-16 | '''21'''-15 | -,Completed,False,1
2025,MD,2025_BWF_World_Championships_Men_s_doubles.wikitext,3,Top half > Section 2,16TeamBracket-Tennis3-Byes,First round,6,4,{{flagicon|GUA}} [[Christopher Martínez|C Martínez]]<br />{{flagicon|GUA}} [[Jonathan Solís|J Solís]],'''{{flagicon|GER}} [[Malik Bourakkadi|M Bourakkadi]]<br />{{flagicon|GER}} [[Kenneth Neumann|K Neumann]]''',11-'''21''' | 14-'''21''' | -,Completed,False,2
2025,MD,2025_BWF_World_Championships_Men_s_doubles.wikitext,3,Top half > Section 2,16TeamBracket-Tennis3-Byes,First round,6,6,'''{{flagicon|SCO}} [[Alexander Dunn (badminton)|A Dunn]]<br />{{flagicon|SCO}} [[Adam Pringle|A Pringle]]''',{{flagicon|SUI}} [[Yann Orteu|Y Orteu]]<br />{{flagicon|SUI}} [[Minh Quang Pham|M Q Pham]],'''21'''-14 | '''21'''-18 | -,Completed,False,1
2025,MD,2025_BWF_World_Championships_Men_s_doubles.wikitext,3,Top half > Section 2,16TeamBracket-Tennis3-Byes,First round,6,8,'''{{flagicon|PHI}} [[Solomon Padiz Jr.|S Padiz Jr.]]<br />{{flagicon|PHI}} [[Julius Villabrille|J Villabrille]]''',{{flagicon|ALG}} [[Koceila Mammeri|K Mammeri]]<br />{{flagicon|ALG}} [[Youcef Sabri Medel|Y S Medel]],'''21'''-15 | '''21'''-13 | -,Completed,False,1
2025,MD,2025_BWF_World_Championships_Men_s_doubles.wikitext,3,Top half > Section 2,16TeamBracket-Tennis3-Byes,Second round,5,1,'''{{flagicon|INA}} [[Fajar Alfian|F Alfian]]<br />{{flagicon|INA}} [[Muhammad Rian Ardianto|M R Ardianto]]''',{{flagicon|HKG}} [[Hung Kuei Chun|Hung K C]]<br />{{flagicon|HKG}} [[Lui Chun Wai|Lui C W]],14-'''21''' | '''21'''-11 | '''22'''-20,Completed,False,1
2025,MD,2025_BWF_World_Championships_Men_s_doubles.wikitext,3,Top half > Section 2,16TeamBracket-Tennis3-Byes,Second round,5,2,'''{{flagicon|JPN}} [[Takuro Hoki|T Hoki]]<br />{{flagicon|JPN}} [[Yugo Kobayashi|Y Kobayashi]]''',{{flagicon|GER}} [[Malik Bourakkadi|M Bourakkadi]]<br />{{flagicon|GER}} [[Kenneth Neumann|K Neumann]],'''21'''-15 | '''21'''-11 | -,Completed,False,1
2025,MD,2025_BWF_World_Championships_Men_s_doubles.wikitext,3,Top half > Section 2,16TeamBracket-Tennis3-Byes,Second round,5,3,'''{{flagicon|DEN}} [[Kim Astrup|K Astrup]]<br />{{flagicon|DEN}} [[Anders Skaarup Rasmussen|A S Rasmussen]]''',{{flagicon|SCO}} [[Alexander Dunn (badminton)|A Dunn]]<br />{{flagicon|SCO}} [[Adam Pringle|A Pringle]],'''21'''-9 | '''21'''-13 | -,Completed,False,1
2025,MD,2025_BWF_World_Championships_Men_s_doubles.wikitext,3,Top half > Section 2,16TeamBracket-Tennis3-Byes,Second round,5,4,'''{{flagicon|TPE}} [[Chiu Hsiang-chieh|Chiu H-c]]<br />{{flagicon|TPE}} [[Wang Chi-lin|Wang C-l]]''',{{flagicon|PHI}} [[Solomon Padiz Jr.|S Padiz Jr.]]<br />{{flagicon|PHI}} [[Julius Villabrille|J Villabrille]],'''21'''-15 | '''21'''-18 | -,Completed,False,1
2025,MD,2025_BWF_World_Championships_Men_s_doubles.wikitext,3,Top half > Section 2,16TeamBracket-Tennis3-Byes,Third round,4,1,{{flagicon|INA}} [[Fajar Alfian|F Alfian]]<br />{{flagicon|INA}} [[Muhammad Rian Ardianto|M R Ardianto]],'''{{flagicon|JPN}} [[Takuro Hoki|T Hoki]]<br />{{flagicon|JPN}} [[Yugo Kobayashi|Y Kobayashi]]''','''21'''-13 | 11-'''21''' | 17-'''21''',Completed,False,2
2025,MD,2025_BWF_World_Championships_Men_s_doubles.wikitext,3,Top half > Section 2,16TeamBracket-Tennis3-Byes,Third round,4,2,'''{{flagicon|DEN}} [[Kim Astrup|K Astrup]]<br />{{flagicon|DEN}} [[Anders Skaarup Rasmussen|A S Rasmussen]]''',{{flagicon|TPE}} [[Chiu Hsiang-chieh|Chiu H-c]]<br />{{flagicon|TPE}} [[Wang Chi-lin|Wang C-l]],'''21'''-15 | '''21'''-13 | -,Completed,False,1
2025,MD,2025_BWF_World_Championships_Men_s_doubles.wikitext,3,Top half > Section 2,16TeamBracket-Tennis3-Byes,Quarter-finals,3,1,{{flagicon|JPN}} [[Takuro Hoki|T Hoki]]<br />{{flagicon|JPN}} [[Yugo Kobayashi|Y Kobayashi]],'''{{flagicon|DEN}} [[Kim Astrup|K Astrup]]<br />{{flagicon|DEN}} [[Anders Skaarup Rasmussen|A S Rasmussen]]''','''21'''-16 | 19-'''21''' | 17-'''21''',Completed,False,2
2025,MD,2025_BWF_World_Championships_Men_s_doubles.wikitext,4,Bottom half > Section 3,16TeamBracket-Tennis3-Byes,First round,6,1,'''{{flagicon|CZE}} [[Jiří Král (badminton)|J Král]]<br />{{flagicon|CZE}} [[Ondřej Král|O Král]]''',{{flagicon|BRA}} [[Fabrício Farias|F Farias]]<br />{{flagicon|BRA}} [[Davi Silva|D Silva]],20-'''22''' | '''21'''-13 | '''21'''-18,Completed,False,1
2025,MD,2025_BWF_World_Championships_Men_s_doubles.wikitext,4,Bottom half > Section 3,16TeamBracket-Tennis3-Byes,First round,6,3,{{flagicon|BUL}} [[Ivan Rusev (badminton)|I Rusev]]<br />{{flagicon|BUL}} [[Iliyan Stoynov|I Stoynov]],'''{{flagicon|DEN}} [[Rasmus Kjær|R Kjær]]<br />{{flagicon|DEN}} [[Frederik Søgaard|F Søgaard]]''',14-'''21''' | 15-'''21''' | -,Completed,False,2
2025,MD,2025_BWF_World_Championships_Men_s_doubles.wikitext,4,Bottom half > Section 3,16TeamBracket-Tennis3-Byes,First round,6,5,'''{{flagicon|VIE}} [[Nguyễn Đình Hoàng|Nguyễn Đ H]]<br />{{flagicon|VIE}} [[Trần Đình Mạnh|Trần Đ M]]''',{{flagicon|BRA}} [[Izak Batalha|I Batalha]]<br />{{flagicon|BRA}} [[Matheus Voigt|M Voigt]],'''22'''-20 | '''21'''-16 | -,Completed,False,1
2025,MD,2025_BWF_World_Championships_Men_s_doubles.wikitext,4,Bottom half > Section 3,16TeamBracket-Tennis3-Byes,First round,6,7,'''{{flagicon|USA}} [[Chen Zhi-yi|Chen Z-y]]<br />{{flagicon|USA}} [[Presley Smith|P Smith]]''',{{flagicon|THA}} [[Peeratchai Sukphun|P Sukphun]]<br />{{flagicon|THA}} [[Pakkapon Teeraratsakul|P Teeraratsakul]],'''22'''-20 | '''21'''-12 | -,Completed,False,1
2025,MD,2025_BWF_World_Championships_Men_s_doubles.wikitext,4,Bottom half > Section 3,16TeamBracket-Tennis3-Byes,Second round,5,1,{{flagicon|CZE}} [[Jiří Král (badminton)|J Král]]<br />{{flagicon|CZE}} [[Ondřej Král|O Král]],'''{{flagicon|CHN}} [[Chen Boyang|Chen BY]]<br />{{flagicon|CHN}} [[Liu Yi (badminton)|Liu Y]]''',7-'''21''' | 19-'''21''' | -,Completed,False,2
2025,MD,2025_BWF_World_Championships_Men_s_doubles.wikitext,4,Bottom half > Section 3,16TeamBracket-Tennis3-Byes,Second round,5,2,'''{{flagicon|DEN}} [[Rasmus Kjær|R Kjær]]<br />{{flagicon|DEN}} [[Frederik Søgaard|F Søgaard]]''',{{flagicon|INA}} [[Sabar Karyaman Gutama|S K Gutama]]<br />{{flagicon|INA}} [[Muhammad Reza Pahlevi Isfahani|M R P Isfahani]],'''21'''-18 | 18-'''21''' | '''26'''-24,Completed,False,1
2025,MD,2025_BWF_World_Championships_Men_s_doubles.wikitext,4,Bottom half > Section 3,16TeamBracket-Tennis3-Byes,Second round,5,3,{{flagicon|VIE}} [[Nguyễn Đình Hoàng|Nguyễn Đ H]]<br />{{flagicon|VIE}} [[Trần Đình Mạnh|Trần Đ M]],'''{{flagicon|TPE}} [[Lee Jhe-huei|Lee J-h]]<br />{{flagicon|TPE}} [[Yang Po-hsuan|Yang P-hs]]''',5-'''21''' | 18-'''21''' | -,Completed,False,2
2025,MD,2025_BWF_World_Championships_Men_s_doubles.wikitext,4,Bottom half > Section 3,16TeamBracket-Tennis3-Byes,Second round,5,4,{{flagicon|USA}} [[Chen Zhi-yi|Chen Z-y]]<br />{{flagicon|USA}} [[Presley Smith|P Smith]],'''{{flagicon|MAS}} [[Goh Sze Fei|Goh S F]]<br />{{flagicon|MAS}} [[Nur Izzuddin|N Izzuddin]]''','''21'''-19 | 10-'''21''' | 17-'''21''',Completed,False,2
2025,MD,2025_BWF_World_Championships_Men_s_doubles.wikitext,4,Bottom half > Section 3,16TeamBracket-Tennis3-Byes,Third round,4,1,'''{{flagicon|CHN}} [[Chen Boyang|Chen BY]]<br />{{flagicon|CHN}} [[Liu Yi (badminton)|Liu Y]]''',{{flagicon|DEN}} [[Rasmus Kjær|R Kjær]]<br />{{flagicon|DEN}} [[Frederik Søgaard|F Søgaard]],'''21'''-17 | '''22'''-20 | -,Completed,False,1
2025,MD,2025_BWF_World_Championships_Men_s_doubles.wikitext,4,Bottom half > Section 3,16TeamBracket-Tennis3-Byes,Third round,4,2,'''{{flagicon|TPE}} [[Lee Jhe-huei|Lee J-h]]<br />{{flagicon|TPE}} [[Yang Po-hsuan|Yang P-hs]]''',{{flagicon|MAS}} [[Goh Sze Fei|Goh S F]]<br />{{flagicon|MAS}} [[Nur Izzuddin|N Izzuddin]],'''22'''-20 | 15-'''21''' | '''23'''-21,Completed,False,1
2025,MD,2025_BWF_World_Championships_Men_s_doubles.wikitext,4,Bottom half > Section 3,16TeamBracket-Tennis3-Byes,Quarter-finals,3,1,'''{{flagicon|CHN}} [[Chen Boyang|Chen BY]]<br />{{flagicon|CHN}} [[Liu Yi (badminton)|Liu Y]]''',{{flagicon|TPE}} [[Lee Jhe-huei|Lee J-h]]<br />{{flagicon|TPE}} [[Yang Po-hsuan|Yang P-hs]],'''21'''-15 | '''21'''-14 | -,Completed,False,1
2025,MD,2025_BWF_World_Championships_Men_s_doubles.wikitext,5,Bottom half > Section 4,16TeamBracket-Tennis3-Byes,First round,6,1,'''{{flagicon|TPE}} [[Liu Kuang-heng|Liu K-h]]<br />{{flagicon|TPE}} [[Yang Po-han|Yang P-ha]]''',{{flagicon|IND}} H Amsakarunan<br />{{flagicon|IND}} [[Ruban Kumar Rethinasabapathi|R K Rethinasabapathi]],'''21'''-15 | '''21'''-5 | -,Completed,False,1
2025,MD,2025_BWF_World_Championships_Men_s_doubles.wikitext,5,Bottom half > Section 4,16TeamBracket-Tennis3-Byes,First round,6,3,{{flagicon|CAN}} [[Jonathan Lai|J Lai]]<br />{{flagicon|CAN}} [[Nyl Yakura|N Yakura]],'''{{flagicon|ESP}} [[Rubén García (badminton)|R García]]<br />{{flagicon|ESP}} [[Carlos Piris|C Piris]]''',14-'''21''' | 16-'''21''' | -,Completed,False,2
2025,MD,2025_BWF_World_Championships_Men_s_doubles.wikitext,5,Bottom half > Section 4,16TeamBracket-Tennis3-Byes,First round,6,5,{{flagicon|JPN}} [[Kenya Mitsuhashi|K Mitsuhashi]]<br />{{flagicon|JPN}} [[Hiroki Okamura|H Okamura]],'''{{flagicon|MAS}} [[Junaidi Arif|J Arif]]<br />{{flagicon|MAS}} [[Yap Roy King|Yap R K]]''',5-'''21''' | 13-'''21''' | -,Completed,False,2
2025,MD,2025_BWF_World_Championships_Men_s_doubles.wikitext,5,Bottom half > Section 4,16TeamBracket-Tennis3-Byes,First round,6,7,{{flagicon|ESP}} [[Daniel Franco (badminton)|D Franco]]<br />{{flagicon|ESP}} [[Rodrigo Sanjurjo|R Sanjurjo]],'''{{flagicon|SCO}} [[Christopher Grimley|C Grimley]]<br />{{flagicon|SCO}} [[Matthew Grimley|M Grimley]]''',14-'''21''' | 14-'''21''' | -,Completed,False,2
2025,MD,2025_BWF_World_Championships_Men_s_doubles.wikitext,5,Bottom half > Section 4,16TeamBracket-Tennis3-Byes,Second round,5,1,{{flagicon|TPE}} [[Liu Kuang-heng|Liu K-h]]<br />{{flagicon|TPE}} [[Yang Po-han|Yang P-ha]],'''{{flagicon|IND}} [[Satwiksairaj Rankireddy|S Rankireddy]]<br />{{flagicon|IND}} [[Chirag Shetty|C Shetty]]''',20-'''22''' | 13-'''21''' | -,Completed,False,2
2025,MD,2025_BWF_World_Championships_Men_s_doubles.wikitext,5,Bottom half > Section 4,16TeamBracket-Tennis3-Byes,Second round,5,2,{{flagicon|ESP}} [[Rubén García (badminton)|R García]]<br />{{flagicon|ESP}} [[Carlos Piris|C Piris]],'''{{flagicon|CHN}} [[Liang Weikeng|Liang WK]]<br />{{flagicon|CHN}} [[Wang Chang (badminton)|Wang C]]''',16-'''21''' | 19-'''21''' | -,Completed,False,2
2025,MD,2025_BWF_World_Championships_Men_s_doubles.wikitext,5,Bottom half > Section 4,16TeamBracket-Tennis3-Byes,Second round,5,3,'''{{flagicon|MAS}} [[Junaidi Arif|J Arif]]<br />{{flagicon|MAS}} [[Yap Roy King|Yap R K]]''',{{flagicon|THA}} [[Kittinupong Kedren|K Kedren]]<br />{{flagicon|THA}} [[Dechapol Puavaranukroh|D Puavaranukroh]],'''21'''-13 | '''21'''-17 | -,Completed,False,1
2025,MD,2025_BWF_World_Championships_Men_s_doubles.wikitext,5,Bottom half > Section 4,16TeamBracket-Tennis3-Byes,Second round,5,4,{{flagicon|SCO}} [[Christopher Grimley|C Grimley]]<br />{{flagicon|SCO}} [[Matthew Grimley|M Grimley]],'''{{flagicon|MAS}} [[Aaron Chia|A Chia]]<br />{{flagicon|MAS}} [[Soh Wooi Yik|Soh W Y]]''',15-'''21''' | 16-'''21''' | -,Completed,False,2
2025,MD,2025_BWF_World_Championships_Men_s_doubles.wikitext,5,Bottom half > Section 4,16TeamBracket-Tennis3-Byes,Third round,4,1,'''{{flagicon|IND}} [[Satwiksairaj Rankireddy|S Rankireddy]]<br />{{flagicon|IND}} [[Chirag Shetty|C Shetty]]''',{{flagicon|CHN}} [[Liang Weikeng|Liang WK]]<br />{{flagicon|CHN}} [[Wang Chang (badminton)|Wang C]],19-'''21''' | '''21'''-15 | '''21'''-17,Completed,False,1
2025,MD,2025_BWF_World_Championships_Men_s_doubles.wikitext,5,Bottom half > Section 4,16TeamBracket-Tennis3-Byes,Third round,4,2,{{flagicon|MAS}} [[Junaidi Arif|J Arif]]<br />{{flagicon|MAS}} [[Yap Roy King|Yap R K]],'''{{flagicon|MAS}} [[Aaron Chia|A Chia]]<br />{{flagicon|MAS}} [[Soh Wooi Yik|Soh W Y]]''','''21'''-18 | 18-'''21''' | 24-'''26''',Completed,False,2
2025,MD,2025_BWF_World_Championships_Men_s_doubles.wikitext,5,Bottom half > Section 4,16TeamBracket-Tennis3-Byes,Quarter-finals,3,1,'''{{flagicon|IND}} [[Satwiksairaj Rankireddy|S Rankireddy]]<br />{{flagicon|IND}} [[Chirag Shetty|C Shetty]]''',{{flagicon|MAS}} [[Aaron Chia|A Chia]]<br />{{flagicon|MAS}} [[Soh Wooi Yik|Soh W Y]],'''21'''-12 | '''21'''-19 | -,Completed,False,1
2025,MS,2025_BWF_World_Championships_Men_s_singles.wikitext,1,Finals,4TeamBracket-Tennis3,Semi-finals,2,1,'''{{flagicon|CHN}} [[Shi Yuqi]]''',{{flagicon|CAN}} [[Victor Lai]],13-'''21''' | '''22'''-20 | '''21'''-16,Completed,False,1
2025,MS,2025_BWF_World_Championships_Men_s_singles.wikitext,1,Finals,4TeamBracket-Tennis3,Semi-finals,2,2,'''{{flagicon|THA}} [[Kunlavut Vitidsarn]]''',{{flagicon|DEN}} [[Anders Antonsen]],'''21'''-17 | '''21'''-15 | -,Completed,False,1
2025,MS,2025_BWF_World_Championships_Men_s_singles.wikitext,1,Finals,4TeamBracket-Tennis3,Final,1,1,'''{{flagicon|CHN}} [[Shi Yuqi]]''',{{flagicon|THA}} [[Kunlavut Vitidsarn]],19-'''21''' | '''21'''-10 | '''21'''-18,Completed,False,1
2025,MS,2025_BWF_World_Championships_Men_s_singles.wikitext,2,Top half > Section 1,16TeamBracket-Tennis3,First round,6,1,'''{{flagicon|CHN}} [[Shi Yuqi|Shi YQ]]''',{{flagicon|IND}} [[Lakshya Sen|L Sen]],'''21'''-17 | '''21'''-19 | -,Completed,False,1
2025,MS,2025_BWF_World_Championships_Men_s_singles.wikitext,2,Top half > Section 1,16TeamBracket-Tennis3,First round,6,2,{{flagicon|VIE}} [[Lê Đức Phát|Lê Đ P]],'''{{flagicon|BEL}} [[Julien Carraggi|J Carraggi]]''',20-'''22''' | '''21'''-16 | 9-'''21''',Completed,False,2
2025,MS,2025_BWF_World_Championships_Men_s_singles.wikitext,2,Top half > Section 1,16TeamBracket-Tennis3,First round,6,3,'''{{flagicon|FRA}} [[Christo Popov|C Popov]]''',{{flagicon|MAC}} [[Pui Pang Fong|Pui P F]],'''21'''-15 | '''21'''-16 | -,Completed,False,1
2025,MS,2025_BWF_World_Championships_Men_s_singles.wikitext,2,Top half > Section 1,16TeamBracket-Tennis3,First round,6,4,'''{{flagicon|HKG}} [[Ng Ka Long|Ng K L]]''',{{flagicon|AUT}} [[Collins Valentine Filimon|C V Filimon]],16-'''21''' | '''21'''-15 | '''21'''-7,Completed,False,1
2025,MS,2025_BWF_World_Championships_Men_s_singles.wikitext,2,Top half > Section 1,16TeamBracket-Tennis3,First round,6,5,'''{{flagicon|FRA}} [[Alex Lanier|A Lanier]]''',{{flagicon|THA}} [[Kantaphon Wangcharoen|K Wangcharoen]],'''21'''-10 | '''22'''-20 | -,Completed,False,1
2025,MS,2025_BWF_World_Championships_Men_s_singles.wikitext,2,Top half > Section 1,16TeamBracket-Tennis3,First round,6,6,{{flagicon|AZE}} [[Dicky Dwi Pangestu|D D Pangestu]],'''{{flagicon|CRO}} [[Aria Dinata|A Dinata]]''',16-'''21''' | '''21'''-16 | 14-'''21''',Completed,False,2
2025,MS,2025_BWF_World_Championships_Men_s_singles.wikitext,2,Top half > Section 1,16TeamBracket-Tennis3,First round,6,7,'''{{flagicon|CHN}} [[Weng Hongyang|Weng HY]]''',{{flagicon|AUS}} [[Jack Yu|J Yu]],'''21'''-7 | '''21'''-12 | -,Completed,False,1
2025,MS,2025_BWF_World_Championships_Men_s_singles.wikitext,2,Top half > Section 1,16TeamBracket-Tennis3,First round,6,8,'''{{flagicon|TPE}} [[Lee Chia-hao|Lee C-h]]''',{{flagicon|ITA}} [[Giovanni Toti (badminton)|G Toti]],'''24'''-22 | '''21'''-11 | -,Completed,False,1
2025,MS,2025_BWF_World_Championships_Men_s_singles.wikitext,2,Top half > Section 1,16TeamBracket-Tennis3,Second round,5,1,'''{{flagicon|CHN}} [[Shi Yuqi|Shi YQ]]''',{{flagicon|BEL}} [[Julien Carraggi|J Carraggi]],'''21'''-15 | '''21'''-11 | -,Completed,False,1
2025,MS,2025_BWF_World_Championships_Men_s_singles.wikitext,2,Top half > Section 1,16TeamBracket-Tennis3,Second round,5,2,'''{{flagicon|FRA}} [[Christo Popov|C Popov]]''',{{flagicon|HKG}} [[Ng Ka Long|Ng K L]],'''21'''-15 | '''21'''-16 | -,Completed,False,1
2025,MS,2025_BWF_World_Championships_Men_s_singles.wikitext,2,Top half > Section 1,16TeamBracket-Tennis3,Second round,5,3,'''{{flagicon|FRA}} [[Alex Lanier|A Lanier]]''',{{flagicon|CRO}} [[Aria Dinata|A Dinata]],'''21'''-17 | '''21'''-13 | -,Completed,False,1
2025,MS,2025_BWF_World_Championships_Men_s_singles.wikitext,2,Top half > Section 1,16TeamBracket-Tennis3,Second round,5,4,'''{{flagicon|CHN}} [[Weng Hongyang|Weng HY]]''',{{flagicon|TPE}} [[Lee Chia-hao|Lee C-h]],'''21'''-19 | '''21'''-13 | -,Completed,False,1
2025,MS,2025_BWF_World_Championships_Men_s_singles.wikitext,2,Top half > Section 1,16TeamBracket-Tennis3,Third round,4,1,'''{{flagicon|CHN}} [[Shi Yuqi|Shi YQ]]''',{{flagicon|FRA}} [[Christo Popov|C Popov]],20-'''22''' | '''21'''-13 | '''21'''-18,Completed,False,1
2025,MS,2025_BWF_World_Championships_Men_s_singles.wikitext,2,Top half > Section 1,16TeamBracket-Tennis3,Third round,4,2,{{flagicon|FRA}} [[Alex Lanier|A Lanier]],'''{{flagicon|CHN}} [[Weng Hongyang|Weng HY]]''',18-'''21''' | 12-'''21''' | -,Completed,False,2
2025,MS,2025_BWF_World_Championships_Men_s_singles.wikitext,2,Top half > Section 1,16TeamBracket-Tennis3,Quarter-finals,3,1,'''{{flagicon|CHN}} [[Shi Yuqi|Shi YQ]]''',{{flagicon|CHN}} [[Weng Hongyang|Weng HY]],'''21'''-15 | 7-'''21''' | '''21'''-10,Completed,False,1
2025,MS,2025_BWF_World_Championships_Men_s_singles.wikitext,3,Top half > Section 2,16TeamBracket-Tennis3,First round,6,1,{{flagicon|CHN}} [[Li Shifeng|Li SF]],'''{{flagicon|JPN}} [[Yushi Tanaka|Y Tanaka]]''','''21'''-19 | 11-'''21''' | 15-'''21''',Completed,False,2
2025,MS,2025_BWF_World_Championships_Men_s_singles.wikitext,3,Top half > Section 2,16TeamBracket-Tennis3,First round,6,2,{{flagicon|MAS}} [[Lee Zii Jia|Lee Z J]],'''{{flagicon|KOR}} [[Jeon Hyeok-jin|Jeon H-j]]''',17-'''21''' | 11-'''21''' | -,Completed,False,2
2025,MS,2025_BWF_World_Championships_Men_s_singles.wikitext,3,Top half > Section 2,16TeamBracket-Tennis3,First round,6,3,'''{{flagicon|CHN}} [[Lu Guangzu|Lu GZ]]''',{{flagicon|SGP}} [[Jason Teh|J Teh]],16-'''21''' | '''22'''-20 | '''21'''-14,Completed,False,1
2025,MS,2025_BWF_World_Championships_Men_s_singles.wikitext,3,Top half > Section 2,16TeamBracket-Tennis3,First round,6,4,'''{{flagicon|CAN}} [[Victor Lai|V Lai]]''',{{flagicon|NZL}} [[Edward Lau|E Lau]],'''21'''-13 | '''21'''-2 | -,Completed,False,1
2025,MS,2025_BWF_World_Championships_Men_s_singles.wikitext,3,Top half > Section 2,16TeamBracket-Tennis3,First round,6,5,'''{{flagicon|JPN}} [[Kodai Naraoka|K Naraoka]]''',{{flagicon|SRI}} [[Dumindu Abeywickrama|D Abeywickrama]],'''21'''-10 | '''21'''-7 | -,Completed,False,1
2025,MS,2025_BWF_World_Championships_Men_s_singles.wikitext,3,Top half > Section 2,16TeamBracket-Tennis3,First round,6,6,{{flagicon|CAN}} [[Brian Yang (badminton)|B Yang]],'''{{flagicon|IRL}} [[Nhat Nguyen|N Nguyen]]''',9-'''21''' | 18-'''21''' | -,Completed,False,2
2025,MS,2025_BWF_World_Championships_Men_s_singles.wikitext,3,Top half > Section 2,16TeamBracket-Tennis3,First round,6,7,'''{{flagicon|SGP}} [[Loh Kean Yew|Loh K Y]]''',{{flagicon|MRI}} [[Julien Paul|J Paul]],'''21'''-15 | '''21'''-12 | -,Completed,False,1
2025,MS,2025_BWF_World_Championships_Men_s_singles.wikitext,3,Top half > Section 2,16TeamBracket-Tennis3,First round,6,8,{{flagicon|ENG}} [[Harry Huang|H Huang]],'''{{flagicon|FIN}} [[Kalle Koljonen|K Koljonen]]''',12-'''21''' | '''21'''-10 | 19-'''21''',Completed,False,2
2025,MS,2025_BWF_World_Championships_Men_s_singles.wikitext,3,Top half > Section 2,16TeamBracket-Tennis3,Second round,5,1,{{flagicon|JPN}} [[Yushi Tanaka|Y Tanaka]],'''{{flagicon|KOR}} [[Jeon Hyeok-jin|Jeon H-j]]''',12-'''21''' | 9-'''21''' | -,Completed,False,2
2025,MS,2025_BWF_World_Championships_Men_s_singles.wikitext,3,Top half > Section 2,16TeamBracket-Tennis3,Second round,5,2,{{flagicon|CHN}} [[Lu Guangzu|Lu GZ]],'''{{flagicon|CAN}} [[Victor Lai|V Lai]]''','''21'''-13 | 12-'''21''' | 10-'''21''',Completed,False,2
2025,MS,2025_BWF_World_Championships_Men_s_singles.wikitext,3,Top half > Section 2,16TeamBracket-Tennis3,Second round,5,3,'''{{flagicon|JPN}} [[Kodai Naraoka|K Naraoka]]''',{{flagicon|IRL}} [[Nhat Nguyen|N Nguyen]],'''21'''-18 | '''21'''-14 | -,Completed,False,1
2025,MS,2025_BWF_World_Championships_Men_s_singles.wikitext,3,Top half > Section 2,16TeamBracket-Tennis3,Second round,5,4,'''{{flagicon|SGP}} [[Loh Kean Yew|Loh K Y]]''',{{flagicon|FIN}} [[Kalle Koljonen|K Koljonen]],'''21'''-14 | '''21'''-14 | -,Completed,False,1
2025,MS,2025_BWF_World_Championships_Men_s_singles.wikitext,3,Top half > Section 2,16TeamBracket-Tennis3,Third round,4,1,{{flagicon|KOR}} [[Jeon Hyeok-jin|Jeon H-j]],'''{{flagicon|CAN}} [[Victor Lai|V Lai]]''',17-'''21''' | 13-'''21''' | -,Completed,False,2
2025,MS,2025_BWF_World_Championships_Men_s_singles.wikitext,3,Top half > Section 2,16TeamBracket-Tennis3,Third round,4,2,{{flagicon|JPN}} [[Kodai Naraoka|K Naraoka]],'''{{flagicon|SGP}} [[Loh Kean Yew|Loh K Y]]''','''21'''-5 | 19-'''21''' | 19-'''21''',Completed,False,2
2025,MS,2025_BWF_World_Championships_Men_s_singles.wikitext,3,Top half > Section 2,16TeamBracket-Tennis3,Quarter-finals,3,1,'''{{flagicon|CAN}} [[Victor Lai|V Lai]]''',{{flagicon|SGP}} [[Loh Kean Yew|Loh K Y]],'''22'''-20 | '''21'''-18 | -,Completed,False,1
2025,MS,2025_BWF_World_Championships_Men_s_singles.wikitext,4,Bottom half > Section 3,16TeamBracket-Tennis3,First round,6,1,{{flagicon|BRA}} [[Ygor Coelho|Y Coelho]],'''{{flagicon|GER}} [[Fabian Roth|F Roth]]''',16-'''21''' | '''21'''-19 | 18-'''21''',Completed,False,2
2025,MS,2025_BWF_World_Championships_Men_s_singles.wikitext,4,Bottom half > Section 3,16TeamBracket-Tennis3,First round,6,2,{{flagicon|SWE}} [[Gustav Björkler|G Björkler]],'''{{flagicon|HKG}} [[Lee Cheuk Yiu|Lee C Y]]''',9-'''21''' | 17-'''21''' | -,Completed,False,2
2025,MS,2025_BWF_World_Championships_Men_s_singles.wikitext,4,Bottom half > Section 3,16TeamBracket-Tennis3,First round,6,3,{{flagicon|JPN}} [[Koki Watanabe|K Watanabe]],'''{{flagicon|AZE}} [[Ade Resky Dwicahyo|A R Dwicahyo]]''',19-'''21''' | 18-'''21''' | -,Completed,False,2
2025,MS,2025_BWF_World_Championships_Men_s_singles.wikitext,4,Bottom half > Section 3,16TeamBracket-Tennis3,First round,6,4,{{flagicon|GER}} [[Matthias Kicklitz|M Kicklitz]],'''{{flagicon|INA}} [[Jonatan Christie|J Christie]]''',15-'''21''' | 5-'''21''' | -,Completed,False,2
2025,MS,2025_BWF_World_Championships_Men_s_singles.wikitext,4,Bottom half > Section 3,16TeamBracket-Tennis3,First round,6,5,'''{{flagicon|INA}} [[Alwi Farhan|A Farhan]]''',{{flagicon|VIE}} [[Nguyễn Hải Đăng|Nguyễn H Đ]],'''22'''-20 | '''21'''-13 | -,Completed,False,1
2025,MS,2025_BWF_World_Championships_Men_s_singles.wikitext,4,Bottom half > Section 3,16TeamBracket-Tennis3,First round,6,6,{{flagicon|DEN}} [[Rasmus Gemke|R Gemke]],'''{{flagicon|TPE}} [[Lin Chun-yi (badminton)|Lin C-y]]''','''21'''-17 | 18-'''21''' | 14-'''21''',Completed,False,2
2025,MS,2025_BWF_World_Championships_Men_s_singles.wikitext,4,Bottom half > Section 3,16TeamBracket-Tennis3,First round,6,7,{{flagicon|PER}} [[Adriano Viale|A Viale]],'''{{flagicon|KOR}} [[Kim Byung-jae|Kim B-j]]''',13-'''21''' | '''21'''-19 | 18-'''21''',Completed,False,2
2025,MS,2025_BWF_World_Championships_Men_s_singles.wikitext,4,Bottom half > Section 3,16TeamBracket-Tennis3,First round,6,8,{{flagicon|ESA}} [[Uriel Canjura|U Canjura]],'''{{flagicon|THA}} [[Kunlavut Vitidsarn|K Vitidsarn]]''',11-'''21''' | 17-'''21''' | -,Completed,False,2
2025,MS,2025_BWF_World_Championships_Men_s_singles.wikitext,4,Bottom half > Section 3,16TeamBracket-Tennis3,Second round,5,1,{{flagicon|GER}} [[Fabian Roth|F Roth]],'''{{flagicon|HKG}} [[Lee Cheuk Yiu|Lee C Y]]''',16-'''21''' | 21-'''23''' | -,Completed,False,2
2025,MS,2025_BWF_World_Championships_Men_s_singles.wikitext,4,Bottom half > Section 3,16TeamBracket-Tennis3,Second round,5,2,{{flagicon|AZE}} [[Ade Resky Dwicahyo|A R Dwicahyo]],'''{{flagicon|INA}} [[Jonatan Christie|J Christie]]''',9-'''21''' | 17-'''21''' | -,Completed,False,2
2025,MS,2025_BWF_World_Championships_Men_s_singles.wikitext,4,Bottom half > Section 3,16TeamBracket-Tennis3,Second round,5,3,'''{{flagicon|INA}} [[Alwi Farhan|A Farhan]]''',{{flagicon|TPE}} [[Lin Chun-yi (badminton)|Lin C-y]],'''21'''-17 | '''22'''-20 | -,Completed,False,1
2025,MS,2025_BWF_World_Championships_Men_s_singles.wikitext,4,Bottom half > Section 3,16TeamBracket-Tennis3,Second round,5,4,{{flagicon|KOR}} [[Kim Byung-jae|Kim B-j]],'''{{flagicon|THA}} [[Kunlavut Vitidsarn|K Vitidsarn]]''',19-'''21''' | 6-'''21''' | -,Completed,False,2
2025,MS,2025_BWF_World_Championships_Men_s_singles.wikitext,4,Bottom half > Section 3,16TeamBracket-Tennis3,Third round,4,1,{{flagicon|HKG}} [[Lee Cheuk Yiu|Lee C Y]],'''{{flagicon|INA}} [[Jonatan Christie|J Christie]]''',19-'''21''' | 9-'''21''' | -,Completed,False,2
2025,MS,2025_BWF_World_Championships_Men_s_singles.wikitext,4,Bottom half > Section 3,16TeamBracket-Tennis3,Third round,4,2,{{flagicon|INA}} [[Alwi Farhan|A Farhan]],'''{{flagicon|THA}} [[Kunlavut Vitidsarn|K Vitidsarn]]''',18-'''21''' | '''21'''-18 | 20-'''22''',Completed,False,2
2025,MS,2025_BWF_World_Championships_Men_s_singles.wikitext,4,Bottom half > Section 3,16TeamBracket-Tennis3,Quarter-finals,3,1,{{flagicon|INA}} [[Jonatan Christie|J Christie]],'''{{flagicon|THA}} [[Kunlavut Vitidsarn|K Vitidsarn]]''',14-'''21''' | '''21'''-18 | 8-'''21''',Completed,False,2
2025,MS,2025_BWF_World_Championships_Men_s_singles.wikitext,5,Bottom half > Section 4,16TeamBracket-Tennis3,First round,6,1,'''{{flagicon|MAS}} [[Leong Jun Hao|Leong J H]]''',{{flagicon|SUI}} [[Tobias Künzi|T Künzi]],'''21'''-12 | '''21'''-14 | -,Completed,False,1
2025,MS,2025_BWF_World_Championships_Men_s_singles.wikitext,5,Bottom half > Section 4,16TeamBracket-Tennis3,First round,6,2,{{flagicon|TPE}} [[Wang Tzu-wei|Wang T-w]],'''{{flagicon|JPN}} [[Kenta Nishimoto|K Nishimoto]]''',13-'''21''' | 12-'''21''' | -,Completed,False,2
2025,MS,2025_BWF_World_Championships_Men_s_singles.wikitext,5,Bottom half > Section 4,16TeamBracket-Tennis3,First round,6,3,{{flagicon|ESP}} [[Pablo Abián|P Abián]],'''{{flagicon|ENG}} [[Ethan Rose|E Rose]]''',9-'''21''' | '''21'''-17 | 12-'''21''',Completed,False,2
2025,MS,2025_BWF_World_Championships_Men_s_singles.wikitext,5,Bottom half > Section 4,16TeamBracket-Tennis3,First round,6,4,{{flagicon|CZE}} [[Jan Louda|J Louda]],'''{{flagicon|TPE}} [[Chou Tien-chen|Chou T-c]]''',-w | -/ | -o,Walkover,False,2
2025,MS,2025_BWF_World_Championships_Men_s_singles.wikitext,5,Bottom half > Section 4,16TeamBracket-Tennis3,First round,6,5,'''{{flagicon|SRI}} [[Viren Nettasinghe|V Nettasinghe]]''',{{flagicon|ISR}} [[Misha Zilberman|M Zilberman]],'''21'''-11 | '''23'''-21 | -,Completed,False,1
2025,MS,2025_BWF_World_Championships_Men_s_singles.wikitext,5,Bottom half > Section 4,16TeamBracket-Tennis3,First round,6,6,{{flagicon|INA}} [[Anthony Sinisuka Ginting|A S Ginting]],'''{{flagicon|FRA}} [[Toma Junior Popov|T J Popov]]''',18-'''21''' | '''21'''-19 | 23-'''25''',Completed,False,2
2025,MS,2025_BWF_World_Championships_Men_s_singles.wikitext,5,Bottom half > Section 4,16TeamBracket-Tennis3,First round,6,7,{{flagicon|FIN}} [[Joakim Oldorff|J Oldorff]],'''{{flagicon|IND}} [[Prannoy H. S.]]''',18-'''21''' | 15-'''21''' | -,Completed,False,2
2025,MS,2025_BWF_World_Championships_Men_s_singles.wikitext,5,Bottom half > Section 4,16TeamBracket-Tennis3,First round,6,8,{{flagicon|BRA}} [[Jonathan Matias|J Matias]],'''{{flagicon|DEN}} [[Anders Antonsen|A Antonsen]]''',15-'''21''' | 16-'''21''' | -,Completed,False,2
2025,MS,2025_BWF_World_Championships_Men_s_singles.wikitext,5,Bottom half > Section 4,16TeamBracket-Tennis3,Second round,5,1,{{flagicon|MAS}} [[Leong Jun Hao|Leong J H]],'''{{flagicon|JPN}} [[Kenta Nishimoto|K Nishimoto]]''','''21'''-17 | 13-'''21''' | 23-'''25''',Completed,False,2
2025,MS,2025_BWF_World_Championships_Men_s_singles.wikitext,5,Bottom half > Section 4,16TeamBracket-Tennis3,Second round,5,2,{{flagicon|ENG}} [[Ethan Rose|E Rose]],'''{{flagicon|TPE}} [[Chou Tien-chen|Chou T-c]]''',14-'''21''' | 12-'''21''' | -,Completed,False,2
2025,MS,2025_BWF_World_Championships_Men_s_singles.wikitext,5,Bottom half > Section 4,16TeamBracket-Tennis3,Second round,5,3,{{flagicon|SRI}} [[Viren Nettasinghe|V Nettasinghe]],'''{{flagicon|FRA}} [[Toma Junior Popov|T J Popov]]''',17-'''21''' | 9-'''21''' | -,Completed,False,2
2025,MS,2025_BWF_World_Championships_Men_s_singles.wikitext,5,Bottom half > Section 4,16TeamBracket-Tennis3,Second round,5,4,{{flagicon|IND}} [[Prannoy H. S.]],'''{{flagicon|DEN}} [[Anders Antonsen|A Antonsen]]''',7-'''21''' | '''21'''-17 | 21-'''23''',Completed,False,2
2025,MS,2025_BWF_World_Championships_Men_s_singles.wikitext,5,Bottom half > Section 4,16TeamBracket-Tennis3,Third round,4,1,{{flagicon|JPN}} [[Kenta Nishimoto|K Nishimoto]],'''{{flagicon|TPE}} [[Chou Tien-chen|Chou T-c]]''','''21'''-16 | 15-'''21''' | 13-'''21''',Completed,False,2
2025,MS,2025_BWF_World_Championships_Men_s_singles.wikitext,5,Bottom half > Section 4,16TeamBracket-Tennis3,Third round,4,2,{{flagicon|FRA}} [[Toma Junior Popov|T J Popov]],'''{{flagicon|DEN}} [[Anders Antonsen|A Antonsen]]''',6-'''21''' | '''22'''-20 | 19-'''21''',Completed,False,2
2025,MS,2025_BWF_World_Championships_Men_s_singles.wikitext,5,Bottom half > Section 4,16TeamBracket-Tennis3,Quarter-finals,3,1,{{flagicon|TPE}} [[Chou Tien-chen|Chou T-c]],'''{{flagicon|DEN}} [[Anders Antonsen|A Antonsen]]''',17-'''21''' | 21-'''23''' | -,Completed,False,2
2025,XD,2025_BWF_World_Championships_Mixed_doubles.wikitext,1,Finals,4TeamBracket-Tennis3,Semi-finals,2,1,{{flagicon|FRA}} [[Thom Gicquel]]<br/>&nbsp;{{flagicon|FRA}} [[Delphine Delrue]],'''{{flagicon|MAS}} [[Chen Tang Jie]]<br/>&nbsp;{{flagicon|MAS}} [[Toh Ee Wei]]''',18-'''21''' | 16-'''21''' | -,Completed,False,2
2025,XD,2025_BWF_World_Championships_Mixed_doubles.wikitext,1,Finals,4TeamBracket-Tennis3,Semi-finals,2,2,{{flagicon|CHN}} [[Guo Xinwa]]<br/>&nbsp;{{flagicon|CHN}} [[Chen Fanghui]],'''{{flagicon|CHN}} [[Jiang Zhenbang]]<br/>&nbsp;{{flagicon|CHN}} [[Wei Yaxin]]''','''21'''-11 | 21-'''23''' | 18-'''21''',Completed,False,2
2025,XD,2025_BWF_World_Championships_Mixed_doubles.wikitext,1,Finals,4TeamBracket-Tennis3,Final,1,1,'''{{flagicon|MAS}} [[Chen Tang Jie]]<br/>&nbsp;{{flagicon|MAS}} [[Toh Ee Wei]]''',{{flagicon|CHN}} [[Jiang Zhenbang]]<br/>&nbsp;{{flagicon|CHN}} [[Wei Yaxin]],'''21'''-15 | '''21'''-14 | -,Completed,False,1
2025,XD,2025_BWF_World_Championships_Mixed_doubles.wikitext,2,Top half > Section 1,16TeamBracket-Tennis3-Byes,First round,6,2,{{flagicon|CAN}} [[Ty Alexander Lindeman|T A Lindeman]]<br/>&nbsp;{{flagicon|CAN}} [[Josephine Wu|J Wu]],'''{{flagicon|DEN}} [[Mathias Christiansen|M Christiansen]]<br/>&nbsp;{{flagicon|DEN}} [[Alexandra Bøje|A Bøje]]''',10-'''21''' | 8-'''21''' | -,Completed,False,2
2025,XD,2025_BWF_World_Championships_Mixed_doubles.wikitext,2,Top half > Section 1,16TeamBracket-Tennis3-Byes,First round,6,4,{{flagicon|NZL}} [[Edward Lau|E Lau]]<br/>&nbsp;{{flagicon|NZL}} [[Shaunna Li|S Li]],'''{{flagicon|SCO}} [[Alexander Dunn (badminton)|A Dunn]]<br/>&nbsp;{{flagicon|SCO}} [[Julie MacPherson|J MacPherson]]''',11-'''21''' | 9-'''21''' | -,Completed,False,2
2025,XD,2025_BWF_World_Championships_Mixed_doubles.wikitext,2,Top half > Section 1,16TeamBracket-Tennis3-Byes,First round,6,6,'''{{flagicon|BRA}} [[Fabrício Farias|F Farias]]<br/>&nbsp;{{flagicon|BRA}} [[Jaqueline Lima|J Lima]]''',{{flagicon|SLO}} [[Miha Ivancic|M Ivancic]]<br/>&nbsp;{{flagicon|SLO}} [[Petra Polanc|P Polanc]],'''21'''-19 | '''21'''-14 | -,Completed,False,1
2025,XD,2025_BWF_World_Championships_Mixed_doubles.wikitext,2,Top half > Section 1,16TeamBracket-Tennis3-Byes,First round,6,8,'''{{flagicon|TPE}} [[Ye Hong-wei|Ye H-w]]<br/>&nbsp;{{flagicon|TPE}} N G Chan''',{{flagicon|USA}} [[Presley Smith|P Smith]]<br/>&nbsp;{{flagicon|USA}} [[Jennie Gai|J Gai]],'''21'''-11 | '''21'''-10 | -,Completed,False,1
2025,XD,2025_BWF_World_Championships_Mixed_doubles.wikitext,2,Top half > Section 1,16TeamBracket-Tennis3-Byes,Second round,5,1,{{flagicon|CHN}} [[Feng Yanzhe|Feng YZ]]<br/>&nbsp;{{flagicon|CHN}} [[Huang Dongping|Huang DP]],'''{{flagicon|DEN}} [[Mathias Christiansen|M Christiansen]]<br/>&nbsp;{{flagicon|DEN}} [[Alexandra Bøje|A Bøje]]''','''21'''-14 | 13-'''21''' | 18-'''21''',Completed,False,2
2025,XD,2025_BWF_World_Championships_Mixed_doubles.wikitext,2,Top half > Section 1,16TeamBracket-Tennis3-Byes,Second round,5,2,'''{{flagicon|CHN}} [[Cheng Xing|Cheng X]]<br/>&nbsp;{{flagicon|CHN}} [[Zhang Chi (badminton)|Zhang C]]''',{{flagicon|SCO}} [[Alexander Dunn (badminton)|A Dunn]]<br/>&nbsp;{{flagicon|SCO}} [[Julie MacPherson|J MacPherson]],'''21'''-17 | '''24'''-22 | -,Completed,False,1
2025,XD,2025_BWF_World_Championships_Mixed_doubles.wikitext,2,Top half > Section 1,16TeamBracket-Tennis3-Byes,Second round,5,3,'''{{flagicon|FRA}} [[Thom Gicquel|T Gicquel]]<br/>&nbsp;{{flagicon|FRA}} [[Delphine Delrue|D Delrue]]''',{{flagicon|BRA}} [[Fabrício Farias|F Farias]]<br/>&nbsp;{{flagicon|BRA}} [[Jaqueline Lima|J Lima]],'''21'''-9 | '''21'''-15 | -,Completed,False,1
2025,XD,2025_BWF_World_Championships_Mixed_doubles.wikitext,2,Top half > Section 1,16TeamBracket-Tennis3-Byes,Second round,5,4,{{flagicon|THA}} [[Ruttanapak Oupthong|R Oupthong]]<br/>&nbsp;{{flagicon|THA}} [[Jhenicha Sudjaipraparat|J Sudjaipraparat]],'''{{flagicon|TPE}} [[Ye Hong-wei|Ye H-w]]<br/>&nbsp;{{flagicon|TPE}} N G Chan''',18-'''21''' | 16-'''21''' | -,Completed,False,2
2025,XD,2025_BWF_World_Championships_Mixed_doubles.wikitext,2,Top half > Section 1,16TeamBracket-Tennis3-Byes,Third round,4,1,{{flagicon|DEN}} [[Mathias Christiansen|M Christiansen]]<br/>&nbsp;{{flagicon|DEN}} [[Alexandra Bøje|A Bøje]],'''{{flagicon|CHN}} [[Cheng Xing|Cheng X]]<br/>&nbsp;{{flagicon|CHN}} [[Zhang Chi (badminton)|Zhang C]]''',21-'''23''' | 12-'''21''' | -,Completed,False,2
2025,XD,2025_BWF_World_Championships_Mixed_doubles.wikitext,2,Top half > Section 1,16TeamBracket-Tennis3-Byes,Third round,4,2,'''{{flagicon|FRA}} [[Thom Gicquel|T Gicquel]]<br/>&nbsp;{{flagicon|FRA}} [[Delphine Delrue|D Delrue]]''',{{flagicon|TPE}} [[Ye Hong-wei|Ye H-w]]<br/>&nbsp;{{flagicon|TPE}} N G Chan,19-'''21''' | '''21'''-14 | '''21'''-17,Completed,False,1
2025,XD,2025_BWF_World_Championships_Mixed_doubles.wikitext,2,Top half > Section 1,16TeamBracket-Tennis3-Byes,Quarter-finals,3,1,{{flagicon|CHN}} [[Cheng Xing|Cheng X]]<br/>&nbsp;{{flagicon|CHN}} [[Zhang Chi (badminton)|Zhang C]],'''{{flagicon|FRA}} [[Thom Gicquel|T Gicquel]]<br/>&nbsp;{{flagicon|FRA}} [[Delphine Delrue|D Delrue]]''',19-'''21''' | 18-'''21''' | -,Completed,False,2
2025,XD,2025_BWF_World_Championships_Mixed_doubles.wikitext,3,Top half > Section 2,16TeamBracket-Tennis3-Byes,First round,6,2,{{flagicon|MAC}} [[Leong Iok Chong|Leong I C]]<br/>&nbsp;{{flagicon|MAC}} [[Ng Weng Chi|Ng W C]],'''{{flagicon|IND}} [[Rohan Kapoor (badminton)|R Kapoor]]<br/>&nbsp;{{flagicon|IND}} [[Ruthvika Gadde|R Gadde]]''','''21'''-18 | 16-'''21''' | 18-'''21''',Completed,False,2
2025,XD,2025_BWF_World_Championships_Mixed_doubles.wikitext,3,Top half > Section 2,16TeamBracket-Tennis3-Byes,First round,6,4,'''{{flagicon|SRB}} [[Mihajlo Tomić|M Tomić]]<br/>&nbsp;{{flagicon|SRB}} [[Anđela Vitman|A Vitman]]''',{{flagicon|ISR}} [[Misha Zilberman|M Zilberman]]<br/>&nbsp;{{flagicon|ISR}} [[Svetlana Zilberman|S Zilberman]],'''21'''-11 | '''21'''-6 | -,Completed,False,1
2025,XD,2025_BWF_World_Championships_Mixed_doubles.wikitext,3,Top half > Section 2,16TeamBracket-Tennis3-Byes,First round,6,6,{{flagicon|TPE}} [[Lu Ming-che (badminton)|Lu M-c]]<br/>&nbsp;{{flagicon|TPE}} [[Hung En-tzu|Hung E-t]],'''{{flagicon|INA}} [[Rinov Rivaldy|R Rivaldy]]<br/>&nbsp;{{flagicon|INA}} [[Pitha Haningtyas Mentari|P H Mentari]]''','''21'''-14 | 15-'''21''' | 16-'''21''',Completed,False,2
2025,XD,2025_BWF_World_Championships_Mixed_doubles.wikitext,3,Top half > Section 2,16TeamBracket-Tennis3-Byes,First round,6,8,'''{{flagicon|IRE}} [[Joshua Magee|J Magee]]<br/>&nbsp;{{flagicon|IRE}} [[Moya Ryan|M Ryan]]''',{{flagicon|USA}} [[Linden Wang|L Wang]]<br/>&nbsp;{{flagicon|USA}} [[Eva Wang|E Wang]],'''21'''-10 | '''21'''-10 | -,Completed,False,1
2025,XD,2025_BWF_World_Championships_Mixed_doubles.wikitext,3,Top half > Section 2,16TeamBracket-Tennis3-Byes,Second round,5,1,'''{{flagicon|MAS}} [[Chen Tang Jie|Chen T J]]<br/>&nbsp;{{flagicon|MAS}} [[Toh Ee Wei|Toh E W]]''',{{flagicon|IND}} [[Rohan Kapoor (badminton)|R Kapoor]]<br/>&nbsp;{{flagicon|IND}} [[Ruthvika Gadde|R Gadde]],'''21'''-16 | '''21'''-11 | -,Completed,False,1
2025,XD,2025_BWF_World_Championships_Mixed_doubles.wikitext,3,Top half > Section 2,16TeamBracket-Tennis3-Byes,Second round,5,2,'''{{flagicon|INA}} [[Jafar Hidayatullah|J Hidayatullah]]<br/>&nbsp;{{flagicon|INA}} [[Felisha Pasaribu|F Pasaribu]]''',{{flagicon|SRB}} [[Mihajlo Tomić|M Tomić]]<br/>&nbsp;{{flagicon|SRB}} [[Anđela Vitman|A Vitman]],'''21'''-19 | '''22'''-20 | -,Completed,False,1
2025,XD,2025_BWF_World_Championships_Mixed_doubles.wikitext,3,Top half > Section 2,16TeamBracket-Tennis3-Byes,Second round,5,3,'''{{flagicon|HKG}} [[Tang Chun Man|Tang C M]]<br/>&nbsp;{{flagicon|HKG}} [[Tse Ying Suet|Tse Y S]]''',{{flagicon|INA}} [[Rinov Rivaldy|R Rivaldy]]<br/>&nbsp;{{flagicon|INA}} [[Pitha Haningtyas Mentari|P H Mentari]],'''21'''-16 | '''21'''-14 | -,Completed,False,1
2025,XD,2025_BWF_World_Championships_Mixed_doubles.wikitext,3,Top half > Section 2,16TeamBracket-Tennis3-Byes,Second round,5,4,'''{{flagicon|IND}} [[Dhruv Kapila|D Kapila]]<br/>&nbsp;{{flagicon|IND}} [[Tanisha Crasto|T Crasto]]''',{{flagicon|IRE}} [[Joshua Magee|J Magee]]<br/>&nbsp;{{flagicon|IRE}} [[Moya Ryan|M Ryan]],'''21'''-11 | '''21'''-16 | -,Completed,False,1
2025,XD,2025_BWF_World_Championships_Mixed_doubles.wikitext,3,Top half > Section 2,16TeamBracket-Tennis3-Byes,Third round,4,1,'''{{flagicon|MAS}} [[Chen Tang Jie|Chen T J]]<br/>&nbsp;{{flagicon|MAS}} [[Toh Ee Wei|Toh E W]]''',{{flagicon|INA}} [[Jafar Hidayatullah|J Hidayatullah]]<br/>&nbsp;{{flagicon|INA}} [[Felisha Pasaribu|F Pasaribu]],14-'''21''' | '''21'''-19 | '''21'''-17,Completed,False,1
2025,XD,2025_BWF_World_Championships_Mixed_doubles.wikitext,3,Top half > Section 2,16TeamBracket-Tennis3-Byes,Third round,4,2,{{flagicon|HKG}} [[Tang Chun Man|Tang C M]]<br/>&nbsp;{{flagicon|HKG}} [[Tse Ying Suet|Tse Y S]],'''{{flagicon|IND}} [[Dhruv Kapila|D Kapila]]<br/>&nbsp;{{flagicon|IND}} [[Tanisha Crasto|T Crasto]]''','''21'''-19 | 12-'''21''' | 15-'''21''',Completed,False,2
2025,XD,2025_BWF_World_Championships_Mixed_doubles.wikitext,3,Top half > Section 2,16TeamBracket-Tennis3-Byes,Quarter-finals,3,1,'''{{flagicon|MAS}} [[Chen Tang Jie|Chen T J]]<br/>&nbsp;{{flagicon|MAS}} [[Toh Ee Wei|Toh E W]]''',{{flagicon|IND}} [[Dhruv Kapila|D Kapila]]<br/>&nbsp;{{flagicon|IND}} [[Tanisha Crasto|T Crasto]],'''21'''-15 | '''21'''-13 | -,Completed,False,1
2025,XD,2025_BWF_World_Championships_Mixed_doubles.wikitext,4,Bottom half > Section 3,16TeamBracket-Tennis3-Byes,First round,6,1,{{flagicon|CAN}} [[Jonathan Lai|J Lai]]<br/>&nbsp;{{flagicon|CAN}} [[Crystal Lai|C Lai]],'''{{flagicon|ENG}} [[Rory Easton|R Easton]]<br/>&nbsp;{{flagicon|ENG}} [[Lizzie Tolman|L Tolman]]''','''21'''-19 | 18-'''21''' | 16-'''21''',Completed,False,2
2025,XD,2025_BWF_World_Championships_Mixed_doubles.wikitext,4,Bottom half > Section 3,16TeamBracket-Tennis3-Byes,First round,6,3,'''{{flagicon|TPE}} [[Chen Cheng-kuan|Chen C-k]]<br/>&nbsp;{{flagicon|TPE}} [[Hsu Yin-hui|Hsu Y-h]]''',{{flagicon|GUA}} [[Christopher Martinez|C Martinez]]<br/>&nbsp;{{flagicon|GUA}} [[Diana Corleto Soto|D C Soto]],'''21'''-6 | '''21'''-10 | -,Completed,False,1
2025,XD,2025_BWF_World_Championships_Mixed_doubles.wikitext,4,Bottom half > Section 3,16TeamBracket-Tennis3-Byes,First round,6,5,'''{{flagicon|JPN}} [[Yuichi Shimogami|Y Shimogami]]<br/>&nbsp;{{flagicon|JPN}} [[Sayaka Hobara|S Hobara]]''',{{flagicon|UKR}} [[Oleksii Titov|O Titov]]<br/>&nbsp;{{flagicon|UKR}} [[Yevheniia Kantemyr|Y Kantemyr]],'''21'''-12 | '''21'''-14 | -,Completed,False,1
2025,XD,2025_BWF_World_Championships_Mixed_doubles.wikitext,4,Bottom half > Section 3,16TeamBracket-Tennis3-Byes,First round,6,7,{{flagicon|ALG}} [[Koceila Mammeri|K Mammeri]]<br/>&nbsp;{{flagicon|ALG}} [[Tanina Mammeri|T Mammeri]],'''{{flagicon|SGP}} [[Terry Hee|T Hee]]<br/>&nbsp;{{flagicon|SGP}} [[Jin Yujia|Jin Y J]]''',10-'''21''' | 18-'''21''' | -,Completed,False,2
2025,XD,2025_BWF_World_Championships_Mixed_doubles.wikitext,4,Bottom half > Section 3,16TeamBracket-Tennis3-Byes,Second round,5,1,{{flagicon|ENG}} [[Rory Easton|R Easton]]<br/>&nbsp;{{flagicon|ENG}} [[Lizzie Tolman|L Tolman]],'''{{flagicon|TPE}} [[Yang Po-hsuan|Yang P-h]]<br/>&nbsp;{{flagicon|TPE}} [[Hu Ling-fang|Hu L-f]]''',15-'''21''' | 18-'''21''' | -,Completed,False,2
2025,XD,2025_BWF_World_Championships_Mixed_doubles.wikitext,4,Bottom half > Section 3,16TeamBracket-Tennis3-Byes,Second round,5,2,{{flagicon|TPE}} [[Chen Cheng-kuan|Chen C-k]]<br/>&nbsp;{{flagicon|TPE}} [[Hsu Yin-hui|Hsu Y-h]],'''{{flagicon|CHN}} [[Guo Xinwa|Guo XW]]<br/>&nbsp;{{flagicon|CHN}} [[Chen Fanghui|Chen FH]]''',14-'''21''' | 12-'''21''' | -,Completed,False,2
2025,XD,2025_BWF_World_Championships_Mixed_doubles.wikitext,4,Bottom half > Section 3,16TeamBracket-Tennis3-Byes,Second round,5,3,{{flagicon|JPN}} [[Yuichi Shimogami|Y Shimogami]]<br/>&nbsp;{{flagicon|JPN}} [[Sayaka Hobara|S Hobara]],'''{{flagicon|JPN}} [[Hiroki Midorikawa|H Midorikawa]]<br/>&nbsp;{{flagicon|JPN}} [[Natsu Saito|N Saito]]''',15-'''21''' | 12-'''21''' | -,Completed,False,2
2025,XD,2025_BWF_World_Championships_Mixed_doubles.wikitext,4,Bottom half > Section 3,16TeamBracket-Tennis3-Byes,Second round,5,4,{{flagicon|SGP}} [[Terry Hee|T Hee]]<br/>&nbsp;{{flagicon|SGP}} [[Jin Yujia|Jin Y J]],'''{{flagicon|THA}} [[Dechapol Puavaranukroh|D Puavaranukroh]]<br/>&nbsp;{{flagicon|THA}} [[Supissara Paewsampran|S Paewsampran]]''',18-'''21''' | 12-'''21''' | -,Completed,False,2
2025,XD,2025_BWF_World_Championships_Mixed_doubles.wikitext,4,Bottom half > Section 3,16TeamBracket-Tennis3-Byes,Third round,4,1,{{flagicon|TPE}} [[Yang Po-hsuan|Yang P-h]]<br/>&nbsp;{{flagicon|TPE}} [[Hu Ling-fang|Hu L-f]],'''{{flagicon|CHN}} [[Guo Xinwa|Guo XW]]<br/>&nbsp;{{flagicon|CHN}} [[Chen Fanghui|Chen FH]]''',13-'''21''' | 10-'''21''' | -,Completed,False,2
2025,XD,2025_BWF_World_Championships_Mixed_doubles.wikitext,4,Bottom half > Section 3,16TeamBracket-Tennis3-Byes,Third round,4,2,'''{{flagicon|JPN}} [[Hiroki Midorikawa|H Midorikawa]]<br/>&nbsp;{{flagicon|JPN}} [[Natsu Saito|N Saito]]''',{{flagicon|THA}} [[Dechapol Puavaranukroh|D Puavaranukroh]]<br/>&nbsp;{{flagicon|THA}} [[Supissara Paewsampran|S Paewsampran]],8-'''21''' | '''21'''-19 | '''21'''-16,Completed,False,1
2025,XD,2025_BWF_World_Championships_Mixed_doubles.wikitext,4,Bottom half > Section 3,16TeamBracket-Tennis3-Byes,Quarter-finals,3,1,'''{{flagicon|CHN}} [[Guo Xinwa|Guo XW]]<br/>&nbsp;{{flagicon|CHN}} [[Chen Fanghui|Chen FH]]''',{{flagicon|JPN}} [[Hiroki Midorikawa|H Midorikawa]]<br/>&nbsp;{{flagicon|JPN}} [[Natsu Saito|N Saito]],'''21'''-14 | '''21'''-9 | -,Completed,False,1
2025,XD,2025_BWF_World_Championships_Mixed_doubles.wikitext,5,Bottom half > Section 4,16TeamBracket-Tennis3-Byes,First round,6,1,'''{{flagicon|GER}} [[Malik Bourakkadi|M Bourakkadi]]<br/>&nbsp;{{flagicon|GER}} [[Leona Michalski|L Michalski]]''',{{flagicon|AZE}} [[Jahid Alhasanov|J Alhasanov]]<br/>&nbsp;{{flagicon|AZE}} [[Hajar Nuriyeva|H Nuriyeva]],'''21'''-8 | '''21'''-10 | -,Completed,False,1
2025,XD,2025_BWF_World_Championships_Mixed_doubles.wikitext,5,Bottom half > Section 4,16TeamBracket-Tennis3-Byes,First round,6,3,'''{{flagicon|THA}} [[Pakkapon Teeraratsakul|P Teeraratsakul]]<br/>&nbsp;{{flagicon|THA}} [[Phataimas Muenwong|P Muenwong]]''',{{flagicon|FRA}} [[Julien Maio|J Maio]]<br/>&nbsp;{{flagicon|FRA}} [[Léa Palermo|L Palermo]],14-'''21''' | '''21'''-13 | '''21'''-14,Completed,False,1
2025,XD,2025_BWF_World_Championships_Mixed_doubles.wikitext,5,Bottom half > Section 4,16TeamBracket-Tennis3-Byes,First round,6,5,'''{{flagicon|KOR}} [[Lee Jong-min (badminton)|Lee J-m]]<br/>&nbsp;{{flagicon|KOR}} [[Chae Yoo-jung|Chae Y-j]]''',{{flagicon|SCO}} [[Adam Pringle|A Pringle]]<br/>&nbsp;{{flagicon|SCO}} [[Rachel Andrew (badminton)|R Andrew]],'''21'''-14 | '''21'''-16 | -,Completed,False,1
2025,XD,2025_BWF_World_Championships_Mixed_doubles.wikitext,5,Bottom half > Section 4,16TeamBracket-Tennis3-Byes,First round,6,7,{{flagicon|ESP}} [[Ruben Garcia (badminton)|R García]]<br/>&nbsp;{{flagicon|ESP}} [[Lucia Rodríguez (badminton)|L Rodríguez]],'''{{flagicon|ENG}} [[Callum Hemming|C Hemming]]<br/>&nbsp;{{flagicon|ENG}} [[Estelle van Leeuwen|E van Leeuwen]]''',16-'''21''' | '''21'''-17 | 14-'''21''',Completed,False,2
2025,XD,2025_BWF_World_Championships_Mixed_doubles.wikitext,5,Bottom half > Section 4,16TeamBracket-Tennis3-Byes,Second round,5,1,{{flagicon|GER}} [[Malik Bourakkadi|M Bourakkadi]]<br/>&nbsp;{{flagicon|GER}} [[Leona Michalski|L Michalski]],'''{{flagicon|MAS}} [[Hoo Pang Ron|Hoo P R]]<br/>&nbsp;{{flagicon|MAS}} [[Cheng Su Yin|Cheng S Y]]''',10-'''21''' | '''21'''-18 | 12-'''21''',Completed,False,2
2025,XD,2025_BWF_World_Championships_Mixed_doubles.wikitext,5,Bottom half > Section 4,16TeamBracket-Tennis3-Byes,Second round,5,2,{{flagicon|THA}} [[Pakkapon Teeraratsakul|P Teeraratsakul]]<br/>&nbsp;{{flagicon|THA}} [[Phataimas Muenwong|P Muenwong]],'''{{flagicon|MAS}} [[Goh Soon Huat|Goh S H]]<br/>&nbsp;{{flagicon|MAS}} [[Shevon Jemie Lai|S J Lai]]''',19-'''21''' | 15-'''21''' | -,Completed,False,2
2025,XD,2025_BWF_World_Championships_Mixed_doubles.wikitext,5,Bottom half > Section 4,16TeamBracket-Tennis3-Byes,Second round,5,3,{{flagicon|KOR}} [[Lee Jong-min (badminton)|Lee J-m]]<br/>&nbsp;{{flagicon|KOR}} [[Chae Yoo-jung|Chae Y-j]],'''{{flagicon|DEN}} [[Jesper Toft|J Toft]]<br/>&nbsp;{{flagicon|DEN}} [[Amalie Magelund|A Magelund]]''',19-'''21''' | 16-'''21''' | -,Completed,False,2
2025,XD,2025_BWF_World_Championships_Mixed_doubles.wikitext,5,Bottom half > Section 4,16TeamBracket-Tennis3-Byes,Second round,5,4,{{flagicon|ENG}} [[Callum Hemming|C Hemming]]<br/>&nbsp;{{flagicon|ENG}} [[Estelle van Leeuwen|E van Leeuwen]],'''{{flagicon|CHN}} [[Jiang Zhenbang|Jiang ZB]]<br/>&nbsp;{{flagicon|CHN}} [[Wei Yaxin|Wei YX]]''','''21'''-18 | 13-'''21''' | 15-'''21''',Completed,False,2
2025,XD,2025_BWF_World_Championships_Mixed_doubles.wikitext,5,Bottom half > Section 4,16TeamBracket-Tennis3-Byes,Third round,4,1,'''{{flagicon|MAS}} [[Hoo Pang Ron|Hoo P R]]<br/>&nbsp;{{flagicon|MAS}} [[Cheng Su Yin|Cheng S Y]]''',{{flagicon|MAS}} [[Goh Soon Huat|Goh S H]]<br/>&nbsp;{{flagicon|MAS}} [[Shevon Jemie Lai|S J Lai]],13-'''21''' | '''23'''-21 | '''21'''-17,Completed,False,1
2025,XD,2025_BWF_World_Championships_Mixed_doubles.wikitext,5,Bottom half > Section 4,16TeamBracket-Tennis3-Byes,Third round,4,2,{{flagicon|DEN}} [[Jesper Toft|J Toft]]<br/>&nbsp;{{flagicon|DEN}} [[Amalie Magelund|A Magelund]],'''{{flagicon|CHN}} [[Jiang Zhenbang|Jiang ZB]]<br/>&nbsp;{{flagicon|CHN}} [[Wei Yaxin|Wei YX]]''',15-'''21''' | 11-'''21''' | -,Completed,False,2
2025,XD,2025_BWF_World_Championships_Mixed_doubles.wikitext,5,Bottom half > Section 4,16TeamBracket-Tennis3-Byes,Quarter-finals,3,1,{{flagicon|MAS}} [[Hoo Pang Ron|Hoo P R]]<br/>&nbsp;{{flagicon|MAS}} [[Cheng Su Yin|Cheng S Y]],'''{{flagicon|CHN}} [[Jiang Zhenbang|Jiang ZB]]<br/>&nbsp;{{flagicon|CHN}} [[Wei Yaxin|Wei YX]]''',23-'''25''' | 15-'''21''' | -,Completed,False,2
2025,WD,2025_BWF_World_Championships_Women_s_doubles.wikitext,1,Finals,4TeamBracket-Tennis3,Semi-finals,2,1,'''{{flagicon|CHN}} [[Liu Shengshu]]<br/>&nbsp;{{flagicon|CHN}} [[Tan Ning (badminton)|Tan Ning]]''',{{flagicon|JPN}} [[Rin Iwanaga]]<br/>&nbsp;{{flagicon|JPN}} [[Kie Nakanishi]],'''21'''-15 | '''21'''-4 | -,Completed,False,1
2025,WD,2025_BWF_World_Championships_Women_s_doubles.wikitext,1,Finals,4TeamBracket-Tennis3,Semi-finals,2,2,{{flagicon|JPN}} [[Nami Matsuyama]]<br/>&nbsp;{{flagicon|JPN}} [[Chiharu Shida]],'''{{flagicon|MAS}} [[Pearly Tan]]<br/>&nbsp;{{flagicon|MAS}} [[Thinaah Muralitharan]]''','''21'''-14 | 13-'''21''' | 12-'''21''',Completed,False,2
2025,WD,2025_BWF_World_Championships_Women_s_doubles.wikitext,1,Finals,4TeamBracket-Tennis3,Final,1,1,'''{{flagicon|CHN}} [[Liu Shengshu]]<br/>&nbsp;{{flagicon|CHN}} [[Tan Ning (badminton)|Tan Ning]]''',{{flagicon|MAS}} [[Pearly Tan]]<br/>&nbsp;{{flagicon|MAS}} [[Thinaah Muralitharan]],'''21'''-14 | 20-'''22''' | '''21'''-17,Completed,False,1
2025,WD,2025_BWF_World_Championships_Women_s_doubles.wikitext,2,Top half > Section 1,16TeamBracket-Tennis3-Byes,First round,6,2,'''{{flagicon|SUI}} [[Lucie Amiguet|L Amiguet]]<br/>&nbsp;{{flagicon|SUI}} [[Caroline Racloz|C Racloz]]''',{{flagicon|POL}} [[Paulina Hankiewicz|P Hankiewicz]]<br/>&nbsp;{{flagicon|POL}} [[Kornelia Marczak|K Marczak]],14-'''21''' | '''21'''-13 | '''21'''-13,Completed,False,1
2025,WD,2025_BWF_World_Championships_Women_s_doubles.wikitext,2,Top half > Section 1,16TeamBracket-Tennis3-Byes,First round,6,4,{{flagicon|AUT}} [[Serena Au Yeong|S Au Yeong]]<br/>&nbsp;{{flagicon|AUT}} [[Anna Hagspiel|A Hagspiel]],'''{{flagicon|ESP}} [[Paula López (badminton)|P López]]<br/>&nbsp;{{flagicon|ESP}} [[Lucía Rodríguez (badminton)|L Rodríguez]]''',13-'''21''' | 10-'''21''' | -,Completed,False,2
2025,WD,2025_BWF_World_Championships_Women_s_doubles.wikitext,2,Top half > Section 1,16TeamBracket-Tennis3-Byes,First round,6,6,'''{{flagicon|GER}} [[Selin Hübsch|S Hübsch]]<br/>&nbsp;{{flagicon|GER}} [[Amelie Lehmann|A Lehmann]]''',{{flagicon|BRA}} [[Jaqueline Lima|J Lima]]<br/>&nbsp;{{flagicon|BRA}} [[Sâmia Lima|S Lima]],'''21'''-19 | '''21'''-18 | -,Completed,False,1
2025,WD,2025_BWF_World_Championships_Women_s_doubles.wikitext,2,Top half > Section 1,16TeamBracket-Tennis3-Byes,First round,6,8,'''{{flagicon|PHI}} [[Nicole Albo|N Albo]]<br/>&nbsp;{{flagicon|PHI}} [[Eleanor Inlayo|E Inlayo]]''',{{flagicon|UAE}} [[Taabia Khan|T Khan]]<br/>&nbsp;{{flagicon|UAE}} [[Mysha Omer Khan|M O Khan]],'''21'''-12 | '''21'''-7 | -,Completed,False,1
2025,WD,2025_BWF_World_Championships_Women_s_doubles.wikitext,2,Top half > Section 1,16TeamBracket-Tennis3-Byes,Second round,5,1,'''{{flagicon|CHN}} [[Liu Shengshu|Liu SS]]<br/>&nbsp;{{flagicon|CHN}} [[Tan Ning (badminton)|Tan N]]''',{{flagicon|SUI}} [[Lucie Amiguet|L Amiguet]]<br/>&nbsp;{{flagicon|SUI}} [[Caroline Racloz|C Racloz]],'''21'''-8 | '''21'''-4 | -,Completed,False,1
2025,WD,2025_BWF_World_Championships_Women_s_doubles.wikitext,2,Top half > Section 1,16TeamBracket-Tennis3-Byes,Second round,5,2,'''{{flagicon|TPE}} [[Chang Ching-hui (badminton)|Chang C-h]]<br/>&nbsp;{{flagicon|TPE}} [[Yang Ching-tun|Yang C-t]]''',{{flagicon|ESP}} [[Paula López (badminton)|P López]]<br/>&nbsp;{{flagicon|ESP}} [[Lucía Rodríguez (badminton)|L Rodríguez]],'''21'''-15 | '''21'''-11 | -,Completed,False,1
2025,WD,2025_BWF_World_Championships_Women_s_doubles.wikitext,2,Top half > Section 1,16TeamBracket-Tennis3-Byes,Second round,5,3,'''{{flagicon|CHN}} [[Jia Yifan|Jia YF]]<br/>&nbsp;{{flagicon|CHN}} [[Zhang Shuxian|Zhang SX]]''',{{flagicon|GER}} [[Selin Hübsch|S Hübsch]]<br/>&nbsp;{{flagicon|GER}} [[Amelie Lehmann|A Lehmann]],'''21'''-3 | '''21'''-5 | -,Completed,False,1
2025,WD,2025_BWF_World_Championships_Women_s_doubles.wikitext,2,Top half > Section 1,16TeamBracket-Tennis3-Byes,Second round,5,4,'''{{flagicon|TPE}} [[Hsu Yin-hui|Hsu Y-h]]<br/>&nbsp;{{flagicon|TPE}} [[Lin Jhih-yun|Lin J-y]]''',{{flagicon|PHI}} [[Airah Mae Nicole Albo|A M N Albo]]<br/>&nbsp;{{flagicon|PHI}} [[Eleanor Christine Inlayo|E C Inlayo]],'''21'''-15 | '''21'''-13 | -,Completed,False,1
2025,WD,2025_BWF_World_Championships_Women_s_doubles.wikitext,2,Top half > Section 1,16TeamBracket-Tennis3-Byes,Third round,4,1,'''{{flagicon|CHN}} [[Liu Shengshu|Liu SS]]<br/>&nbsp;{{flagicon|CHN}} [[Tan Ning (badminton)|Tan N]]''',{{flagicon|TPE}} [[Chang Ching-hui (badminton)|Chang C-h]]<br/>&nbsp;{{flagicon|TPE}} [[Yang Ching-tun|Yang C-t]],'''21'''-8 | '''21'''-15 | -,Completed,False,1
2025,WD,2025_BWF_World_Championships_Women_s_doubles.wikitext,2,Top half > Section 1,16TeamBracket-Tennis3-Byes,Third round,4,2,'''{{flagicon|CHN}} [[Jia Yifan|Jia YF]]<br/>&nbsp;{{flagicon|CHN}} [[Zhang Shuxian|Zhang SX]]''',{{flagicon|TPE}} [[Hsu Yin-hui|Hsu Y-h]]<br/>&nbsp;{{flagicon|TPE}} [[Lin Jhih-yun|Lin J-y]],'''21'''-15 | '''21'''-14 | -,Completed,False,1
2025,WD,2025_BWF_World_Championships_Women_s_doubles.wikitext,2,Top half > Section 1,16TeamBracket-Tennis3-Byes,Quarter-finals,3,1,'''{{flagicon|CHN}} [[Liu Shengshu|Liu SS]]<br/>&nbsp;{{flagicon|CHN}} [[Tan Ning (badminton)|Tan N]]''',{{flagicon|CHN}} [[Jia Yifan|Jia YF]]<br/>&nbsp;{{flagicon|CHN}} [[Zhang Shuxian|Zhang SX]],19-'''21''' | '''21'''-16 | '''21'''-9,Completed,False,1
2025,WD,2025_BWF_World_Championships_Women_s_doubles.wikitext,3,Top half > Section 2,16TeamBracket-Tennis3-Byes,First round,6,2,{{flagicon|IND}} [[Priya Konjengbam|P Konjengbam]]<br/>&nbsp;{{flagicon|IND}} [[Shruti Mishra|S Mishra]],'''{{flagicon|FRA}} [[Margot Lambert|M Lambert]]<br/>&nbsp;{{flagicon|FRA}} [[Camille Pognante|C Pognante]]''',17-'''21''' | 16-'''21''' | -,Completed,False,2
2025,WD,2025_BWF_World_Championships_Women_s_doubles.wikitext,3,Top half > Section 2,16TeamBracket-Tennis3-Byes,First round,6,4,'''{{flagicon|SCO}} [[Julie MacPherson|J MacPherson]]<br/>&nbsp;{{flagicon|SCO}} [[Ciara Torrance|C Torrance]]''',{{flagicon|SRI}} [[Isuri Attanayake|I Attanayake]]<br/>&nbsp;{{flagicon|SRI}} [[Sithumi de Silva|S de Silva]],'''21'''-7 | '''21'''-8 | -,Completed,False,1
2025,WD,2025_BWF_World_Championships_Women_s_doubles.wikitext,3,Top half > Section 2,16TeamBracket-Tennis3-Byes,First round,6,6,{{flagicon|BUL}} [[Mihaela Chepisheva|M Chepisheva]]<br/>&nbsp;{{flagicon|BUL}} [[Tsvetina Popivanova|T Popivanova]],'''{{flagicon|UKR}} [[Polina Buhrova|P Buhrova]]<br/>&nbsp;{{flagicon|UKR}} [[Yevheniia Kantemyr|Y Kantemyr]]''',6-'''21''' | 12-'''21''' | -,Completed,False,2
2025,WD,2025_BWF_World_Championships_Women_s_doubles.wikitext,3,Top half > Section 2,16TeamBracket-Tennis3-Byes,First round,6,8,{{flagicon|UGA}} [[Fadilah Mohamed Rafi|F M Rafi]]<br/>&nbsp;{{flagicon|UGA}} [[Tracy Naluwooza|T Naluwooza]],'''{{flagicon|NED}} [[Kirsten de Wit|K de Wit]]<br/>&nbsp;{{flagicon|UKR}} [[Mariia Stoliarenko|M Stoliarenko]]''',2-'''21''' | 14-'''21''' | -,Completed,False,2
2025,WD,2025_BWF_World_Championships_Women_s_doubles.wikitext,3,Top half > Section 2,16TeamBracket-Tennis3-Byes,Second round,5,1,'''{{flagicon|KOR}} [[Baek Ha-na|Baek H-n]]<br/>&nbsp;{{flagicon|KOR}} [[Lee So-hee|Lee S-h]]''',{{flagicon|FRA}} [[Margot Lambert|M Lambert]]<br/>&nbsp;{{flagicon|FRA}} [[Camille Pognante|C Pognante]],'''21'''-11 | 17-'''21''' | '''21'''-17,Completed,False,1
2025,WD,2025_BWF_World_Championships_Women_s_doubles.wikitext,3,Top half > Section 2,16TeamBracket-Tennis3-Byes,Second round,5,2,'''{{flagicon|INA}} [[Febriana Dwipuji Kusuma|F D Kusuma]]<br/>&nbsp;{{flagicon|INA}} [[Amallia Cahaya Pratiwi|A C Pratiwi]]''',{{flagicon|SCO}} [[Julie MacPherson|J MacPherson]]<br/>&nbsp;{{flagicon|SCO}} [[Ciara Torrance|C Torrance]],'''21'''-17 | '''21'''-14 | -,Completed,False,1
2025,WD,2025_BWF_World_Championships_Women_s_doubles.wikitext,3,Top half > Section 2,16TeamBracket-Tennis3-Byes,Second round,5,3,'''{{flagicon|CHN}} [[Li Yijing|Li YJ]]<br/>&nbsp;{{flagicon|CHN}} [[Luo Xumin|Luo XM]]''',{{flagicon|UKR}} [[Polina Buhrova|P Buhrova]]<br/>&nbsp;{{flagicon|UKR}} [[Yevheniia Kantemyr|Y Kantemyr]],'''21'''-11 | '''21'''-16 | -,Completed,False,1
2025,WD,2025_BWF_World_Championships_Women_s_doubles.wikitext,3,Top half > Section 2,16TeamBracket-Tennis3-Byes,Second round,5,4,'''{{flagicon|JPN}} [[Rin Iwanaga|R Iwanaga]]<br/>&nbsp;{{flagicon|JPN}} [[Kie Nakanishi|K Nakanishi]]''',{{flagicon|NED}} [[Kirsten de Wit|K de Wit]]<br/>&nbsp;{{flagicon|UKR}} [[Mariia Stoliarenko|M Stoliarenko]],'''21'''-8 | '''21'''-10 | -,Completed,False,1
2025,WD,2025_BWF_World_Championships_Women_s_doubles.wikitext,3,Top half > Section 2,16TeamBracket-Tennis3-Byes,Third round,4,1,{{flagicon|KOR}} [[Baek Ha-na|Baek H-n]]<br/>&nbsp;{{flagicon|KOR}} [[Lee So-hee|Lee S-h]],'''{{flagicon|INA}} [[Febriana Dwipuji Kusuma|F D Kusuma]]<br/>&nbsp;{{flagicon|INA}} [[Amallia Cahaya Pratiwi|A C Pratiwi]]''',16-'''21''' | 15-'''21''' | -,Completed,False,2
2025,WD,2025_BWF_World_Championships_Women_s_doubles.wikitext,3,Top half > Section 2,16TeamBracket-Tennis3-Byes,Third round,4,2,{{flagicon|CHN}} [[Li Yijing|Li YJ]]<br/>&nbsp;{{flagicon|CHN}} [[Luo Xumin|Luo XM]],'''{{flagicon|JPN}} [[Rin Iwanaga|R Iwanaga]]<br/>&nbsp;{{flagicon|JPN}} [[Kie Nakanishi|K Nakanishi]]''',16-'''21''' | 18-'''21''' | -,Completed,False,2
2025,WD,2025_BWF_World_Championships_Women_s_doubles.wikitext,3,Top half > Section 2,16TeamBracket-Tennis3-Byes,Quarter-finals,3,1,{{flagicon|INA}} [[Febriana Dwipuji Kusuma|F D Kusuma]]<br/>&nbsp;{{flagicon|INA}} [[Amallia Cahaya Pratiwi|A C Pratiwi]],'''{{flagicon|JPN}} [[Rin Iwanaga|R Iwanaga]]<br/>&nbsp;{{flagicon|JPN}} [[Kie Nakanishi|K Nakanishi]]''',15-'''21''' | 16-'''21''' | -,Completed,False,2
2025,WD,2025_BWF_World_Championships_Women_s_doubles.wikitext,4,Bottom half > Section 3,16TeamBracket-Tennis3-Byes,First round,6,1,'''{{flagicon|ENG}} [[Abbygael Harris|A Harris]]<br/>&nbsp;{{flagicon|ENG}} [[Lizzie Tolman|L Tolman]]''',{{flagicon|ESP}} [[Nikol Carulla|N Carulla]]<br/>&nbsp;{{flagicon|ESP}} [[Carmen María Jiménez|C M Jiménez]],'''21'''-16 | 14-'''21''' | '''21'''-19,Completed,False,1
2025,WD,2025_BWF_World_Championships_Women_s_doubles.wikitext,4,Bottom half > Section 3,16TeamBracket-Tennis3-Byes,First round,6,3,{{flagicon|ENG}} [[Sian Kelly|S Kelly]]<br/>&nbsp;{{flagicon|ENG}} [[Annie Lado|A Lado]],'''{{flagicon|USA}} [[Lauren Lam|L Lam]]<br/>&nbsp;{{flagicon|USA}} [[Allison Lee (badminton)|A Lee]]''',13-'''21''' | 10-'''21''' | -,Completed,False,2
2025,WD,2025_BWF_World_Championships_Women_s_doubles.wikitext,4,Bottom half > Section 3,16TeamBracket-Tennis3-Byes,First round,6,5,'''{{flagicon|TPE}} [[Sung Shuo-yun|Sung S-y]]<br/>&nbsp;{{flagicon|TPE}} [[Yu Chien-hui|Yu C-h]]''',{{flagicon|IRL}} [[Orla Flynn|O Flynn]]<br/>&nbsp;{{flagicon|IRL}} [[Moya Ryan|M Ryan]],'''21'''-8 | '''21'''-9 | -,Completed,False,1
2025,WD,2025_BWF_World_Championships_Women_s_doubles.wikitext,4,Bottom half > Section 3,16TeamBracket-Tennis3-Byes,First round,6,7,'''{{flagicon|TUR}} [[Bengisu Erçetin|B Erçetin]]<br/>&nbsp;{{flagicon|TUR}} [[Nazlıcan İnci|N İnci]]''',{{flagicon|JPN}} [[Mizuki Otake|M Otake]]<br/>&nbsp;{{flagicon|JPN}} [[Miyu Takahashi|M Takahashi]],w- | /- | o-,Walkover,False,1
2025,WD,2025_BWF_World_Championships_Women_s_doubles.wikitext,4,Bottom half > Section 3,16TeamBracket-Tennis3-Byes,Second round,5,1,{{flagicon|ENG}} [[Abbygael Harris|A Harris]]<br/>&nbsp;{{flagicon|ENG}} [[Lizzie Tolman|L Tolman]],'''{{flagicon|TPE}} [[Hsieh Pei-shan|Hsieh P-s]]<br/>&nbsp;{{flagicon|TPE}} [[Hung En-tzu|Hung E-t]]''',9-'''21''' | 6-'''21''' | -,Completed,False,2
2025,WD,2025_BWF_World_Championships_Women_s_doubles.wikitext,4,Bottom half > Section 3,16TeamBracket-Tennis3-Byes,Second round,5,2,{{flagicon|USA}} [[Lauren Lam|L Lam]]<br/>&nbsp;{{flagicon|USA}} [[Allison Lee (badminton)|A Lee]],'''{{flagicon|KOR}} [[Kim Hye-jeong|Kim H-j]]<br/>&nbsp;{{flagicon|KOR}} [[Kong Hee-yong|Kong H-y]]''',19-'''21''' | 9-'''21''' | -,Completed,False,2
2025,WD,2025_BWF_World_Championships_Women_s_doubles.wikitext,4,Bottom half > Section 3,16TeamBracket-Tennis3-Byes,Second round,5,3,{{flagicon|TPE}} [[Sung Shuo-yun|Sung S-y]]<br/>&nbsp;{{flagicon|TPE}} [[Yu Chien-hui|Yu C-h]],'''{{flagicon|HKG}} [[Yeung Nga Ting|Yeung N T]]<br/>&nbsp;{{flagicon|HKG}} [[Yeung Pui Lam|Yeung P L]]''',15-'''21''' | 15-'''21''' | -,Completed,False,2
2025,WD,2025_BWF_World_Championships_Women_s_doubles.wikitext,4,Bottom half > Section 3,16TeamBracket-Tennis3-Byes,Second round,5,4,{{flagicon|TUR}} [[Bengisu Erçetin|B Erçetin]]<br/>&nbsp;{{flagicon|TUR}} [[Nazlıcan İnci|N İnci]],'''{{flagicon|JPN}} [[Nami Matsuyama|N Matsuyama]]<br/>&nbsp;{{flagicon|JPN}} [[Chiharu Shida|C Shida]]''',9-'''21''' | 12-'''21''' | -,Completed,False,2
2025,WD,2025_BWF_World_Championships_Women_s_doubles.wikitext,4,Bottom half > Section 3,16TeamBracket-Tennis3-Byes,Third round,4,1,{{flagicon|TPE}} [[Hsieh Pei-shan|Hsieh P-s]]<br/>&nbsp;{{flagicon|TPE}} [[Hung En-tzu|Hung E-t]],'''{{flagicon|KOR}} [[Kim Hye-jeong|Kim H-j]]<br/>&nbsp;{{flagicon|KOR}} [[Kong Hee-yong|Kong H-y]]''',17-'''21''' | 6-'''21''' | -,Completed,False,2
2025,WD,2025_BWF_World_Championships_Women_s_doubles.wikitext,4,Bottom half > Section 3,16TeamBracket-Tennis3-Byes,Third round,4,2,{{flagicon|HKG}} [[Yeung Nga Ting|Yeung N T]]<br/>&nbsp;{{flagicon|HKG}} [[Yeung Pui Lam|Yeung P L]],'''{{flagicon|JPN}} [[Nami Matsuyama|N Matsuyama]]<br/>&nbsp;{{flagicon|JPN}} [[Chiharu Shida|C Shida]]''',13-'''21''' | 16-'''21''' | -,Completed,False,2
2025,WD,2025_BWF_World_Championships_Women_s_doubles.wikitext,4,Bottom half > Section 3,16TeamBracket-Tennis3-Byes,Quarter-finals,3,1,{{flagicon|KOR}} [[Kim Hye-jeong|Kim H-j]]<br/>&nbsp;{{flagicon|KOR}} [[Kong Hee-yong|Kong H-y]],'''{{flagicon|JPN}} [[Nami Matsuyama|N Matsuyama]]<br/>&nbsp;{{flagicon|JPN}} [[Chiharu Shida|C Shida]]''',17-'''21''' | 14-'''21''' | -,Completed,False,2
2025,WD,2025_BWF_World_Championships_Women_s_doubles.wikitext,5,Bottom half > Section 4,16TeamBracket-Tennis3-Byes,First round,6,1,'''{{flagicon|BUL}} [[Gabriela Stoeva|G Stoeva]]<br/>&nbsp;{{flagicon|BUL}} [[Stefani Stoeva|S Stoeva]]''',{{flagicon|IND}} [[Rutaparna Panda|R Panda]]<br/>&nbsp;{{flagicon|IND}} [[Swetaparna Panda|S Panda]],'''21'''-12 | '''21'''-11 | -,Completed,False,1
2025,WD,2025_BWF_World_Championships_Women_s_doubles.wikitext,5,Bottom half > Section 4,16TeamBracket-Tennis3-Byes,First round,6,3,{{flagicon|THA}} [[Laksika Kanlaha|L Kanlaha]]<br/>&nbsp;{{flagicon|THA}} [[Phataimas Muenwong|P Muenwong]],'''{{flagicon|AUS}} [[Gronya Somerville|G Somerville]]<br/>&nbsp;{{flagicon|AUS}} [[Angela Yu (badminton)|A Yu]]''',20-'''22''' | '''21'''-17 | 11-'''21''',Completed,False,2
2025,WD,2025_BWF_World_Championships_Women_s_doubles.wikitext,5,Bottom half > Section 4,16TeamBracket-Tennis3-Byes,First round,6,5,'''{{flagicon|FRA}} [[Téa Margueritte|T Margueritte]]<br/>&nbsp;{{flagicon|FRA}} [[Flavie Vallet|F Vallet]]''',{{flagicon|SRI}} [[Hasini Ambalangodage|H Ambalangodage]]<br/>&nbsp;{{flagicon|SRI}} [[Hasara Wijayarathne|H Wijayarathne]],'''21'''-18 | '''21'''-16 | -,Completed,False,1
2025,WD,2025_BWF_World_Championships_Women_s_doubles.wikitext,5,Bottom half > Section 4,16TeamBracket-Tennis3-Byes,First round,6,7,'''{{flagicon|HKG}} [[Lui Lok Lok|Lui L L]]<br/>&nbsp;{{flagicon|HKG}} [[Tsang Hiu Yan|Tsang H Y]]''',{{flagicon|SUI}} [[Cloé Brand|C Brand]]<br/>&nbsp;{{flagicon|SUI}} [[Julie Franconville|J Franconville]],'''21'''-10 | '''21'''-10 | -,Completed,False,1
2025,WD,2025_BWF_World_Championships_Women_s_doubles.wikitext,5,Bottom half > Section 4,16TeamBracket-Tennis3-Byes,Second round,5,1,'''{{flagicon|BUL}} [[Gabriela Stoeva|G Stoeva]]<br/>&nbsp;{{flagicon|BUL}} [[Stefani Stoeva|S Stoeva]]''',{{flagicon|MAS}} [[Go Pei Kee|Go P K]]<br/>&nbsp;{{flagicon|MAS}} [[Teoh Mei Xing|Teoh M X]],'''21'''-11 | '''21'''-9 | -,Completed,False,1
2025,WD,2025_BWF_World_Championships_Women_s_doubles.wikitext,5,Bottom half > Section 4,16TeamBracket-Tennis3-Byes,Second round,5,2,{{flagicon|AUS}} [[Gronya Somerville|G Somerville]]<br/>&nbsp;{{flagicon|AUS}} [[Angela Yu (badminton)|A Yu]],'''{{flagicon|JPN}} [[Yuki Fukushima|Y Fukushima]]<br/>&nbsp;{{flagicon|JPN}} [[Mayu Matsumoto|M Matsumoto]]''',19-'''21''' | 18-'''21''' | -,Completed,False,2
2025,WD,2025_BWF_World_Championships_Women_s_doubles.wikitext,5,Bottom half > Section 4,16TeamBracket-Tennis3-Byes,Second round,5,3,{{flagicon|FRA}} [[Téa Margueritte|T Margueritte]]<br/>&nbsp;{{flagicon|FRA}} [[Flavie Vallet|F Vallet]],'''{{flagicon|INA}} [[Lanny Tria Mayasari|L T Mayasari]]<br/>&nbsp;{{flagicon|INA}} [[Siti Fadia Silva Ramadhanti|S F S Ramadhanti]]''',13-'''21''' | 12-'''21''' | -,Completed,False,2
2025,WD,2025_BWF_World_Championships_Women_s_doubles.wikitext,5,Bottom half > Section 4,16TeamBracket-Tennis3-Byes,Second round,5,4,{{flagicon|HKG}} [[Lui Lok Lok|Lui L L]]<br/>&nbsp;{{flagicon|HKG}} [[Tsang Hiu Yan|Tsang H Y]],'''{{flagicon|MAS}} [[Pearly Tan|P Tan]]<br/>&nbsp;{{flagicon|MAS}} [[Thinaah Muralitharan|Thinaah M]]''',17-'''21''' | 14-'''21''' | -,Completed,False,2
2025,WD,2025_BWF_World_Championships_Women_s_doubles.wikitext,5,Bottom half > Section 4,16TeamBracket-Tennis3-Byes,Third round,4,1,'''{{flagicon|BUL}} [[Gabriela Stoeva|G Stoeva]]<br/>&nbsp;{{flagicon|BUL}} [[Stefani Stoeva|S Stoeva]]''',{{flagicon|JPN}} [[Yuki Fukushima|Y Fukushima]]<br/>&nbsp;{{flagicon|JPN}} [[Mayu Matsumoto|M Matsumoto]],'''21'''-18 | 20-'''22''' | '''22'''-20,Completed,False,1
2025,WD,2025_BWF_World_Championships_Women_s_doubles.wikitext,5,Bottom half > Section 4,16TeamBracket-Tennis3-Byes,Third round,4,2,{{flagicon|INA}} [[Lanny Tria Mayasari|L T Mayasari]]<br/>&nbsp;{{flagicon|INA}} [[Siti Fadia Silva Ramadhanti|S F S Ramadhanti]],'''{{flagicon|MAS}} [[Pearly Tan|P Tan]]<br/>&nbsp;{{flagicon|MAS}} [[Thinaah Muralitharan|Thinaah M]]''',12-'''21''' | 11-'''21''' | -,Completed,False,2
2025,WD,2025_BWF_World_Championships_Women_s_doubles.wikitext,5,Bottom half > Section 4,16TeamBracket-Tennis3-Byes,Quarter-finals,3,1,{{flagicon|BUL}} [[Gabriela Stoeva|G Stoeva]]<br/>&nbsp;{{flagicon|BUL}} [[Stefani Stoeva|S Stoeva]],'''{{flagicon|MAS}} [[Pearly Tan|P Tan]]<br/>&nbsp;{{flagicon|MAS}} [[Thinaah Muralitharan|Thinaah M]]''',15-'''21''' | 10-'''21''' | -,Completed,False,2
2025,WS,2025_BWF_World_Championships_Women_s_singles.wikitext,1,Finals,4TeamBracket-Tennis3,Semi-finals,2,1,{{flagicon|KOR}} [[An Se-young]],'''{{flagicon|CHN}} [[Chen Yufei]]''',15-'''21''' | 17-'''21''' | -,Completed,False,2
2025,WS,2025_BWF_World_Championships_Women_s_singles.wikitext,1,Finals,4TeamBracket-Tennis3,Semi-finals,2,2,'''{{flagicon|JPN}} [[Akane Yamaguchi]]''',{{flagicon|INA}} [[Putri Kusuma Wardani]],'''21'''-17 | 14-'''21''' | '''21'''-6,Completed,False,1
2025,WS,2025_BWF_World_Championships_Women_s_singles.wikitext,1,Finals,4TeamBracket-Tennis3,Final,1,1,{{flagicon|CHN}} [[Chen Yufei]],'''{{flagicon|JPN}} [[Akane Yamaguchi]]''',9-'''21''' | 13-'''21''' | -,Completed,False,2
2025,WS,2025_BWF_World_Championships_Women_s_singles.wikitext,2,Top half > Section 1,16TeamBracket-Tennis3,First round,6,1,'''{{flagicon|KOR}} [[An Se-young|An S-y]]''',{{flagicon|BEL}} [[Clara Lassaux|C Lassaux]],'''21'''-5 | '''21'''-8 | -,Completed,False,1
2025,WS,2025_BWF_World_Championships_Women_s_singles.wikitext,2,Top half > Section 1,16TeamBracket-Tennis3,First round,6,2,{{flagicon|PER}} [[Inés Castillo|I Castillo]],'''{{flagicon|GER}} [[Yvonne Li|Y Li]]''','''30'''-28 | 14-'''21''' | 9-'''21''',Completed,False,2
2025,WS,2025_BWF_World_Championships_Women_s_singles.wikitext,2,Top half > Section 1,16TeamBracket-Tennis3,First round,6,3,'''{{flagicon|CAN}} [[Michelle Li|M Li]]''',{{flagicon|JPN}} [[Natsuki Nidaira|N Nidaira]],'''21'''-15 | '''21'''-14 | -,Completed,False,1
2025,WS,2025_BWF_World_Championships_Women_s_singles.wikitext,2,Top half > Section 1,16TeamBracket-Tennis3,First round,6,4,'''{{flagicon|TUR}} [[Özge Bayrak|Ö Bayrak]]''',{{flagicon|AUS}} [[Tiffany Ho (badminton)|T Ho]],'''21'''-10 | '''21'''-14 | -,Completed,False,1
2025,WS,2025_BWF_World_Championships_Women_s_singles.wikitext,2,Top half > Section 1,16TeamBracket-Tennis3,First round,6,5,'''{{flagicon|INA}} [[Gregoria Mariska Tunjung|G M Tunjung]]''',{{flagicon|CZE}} [[Petra Maixnerová|P Maixnerová]],'''21'''-10 | '''21'''-9 | -,Completed,False,1
2025,WS,2025_BWF_World_Championships_Women_s_singles.wikitext,2,Top half > Section 1,16TeamBracket-Tennis3,First round,6,6,{{flagicon|SUI}} [[Milena Schnider|M Schnider]],'''{{flagicon|DEN}} [[Julie Dawall Jakobsen|J D Jakobsen]]''',10-'''21''' | 16-'''21''' | -,Completed,False,2
2025,WS,2025_BWF_World_Championships_Women_s_singles.wikitext,2,Top half > Section 1,16TeamBracket-Tennis3,First round,6,7,'''{{flagicon|KOR}} [[Sim Yu-jin|Sim Y-j]]''',{{flagicon|CAN}} [[Wenyu Zhang|WY Zhang]],'''21'''-19 | '''21'''-14 | -,Completed,False,1
2025,WS,2025_BWF_World_Championships_Women_s_singles.wikitext,2,Top half > Section 1,16TeamBracket-Tennis3,First round,6,8,'''{{flagicon|SRI}} [[Ranithma Liyanage|R Liyanage]]''',{{flagicon|IRL}} [[Rachael Darragh|R Darragh]],19-'''21''' | '''21'''-11 | 11-3<sup>r</sup>,Retired,False,1
2025,WS,2025_BWF_World_Championships_Women_s_singles.wikitext,2,Top half > Section 1,16TeamBracket-Tennis3,Second round,5,1,'''{{flagicon|KOR}} [[An Se-young|An S-y]]''',{{flagicon|GER}} [[Yvonne Li|Y Li]],'''21'''-15 | '''21'''-7 | -,Completed,False,1
2025,WS,2025_BWF_World_Championships_Women_s_singles.wikitext,2,Top half > Section 1,16TeamBracket-Tennis3,Second round,5,2,'''{{flagicon|CAN}} [[Michelle Li|M Li]]''',{{flagicon|TUR}} [[Özge Bayrak|Ö Bayrak]],'''21'''-14 | 17-'''21''' | '''21'''-10,Completed,False,1
2025,WS,2025_BWF_World_Championships_Women_s_singles.wikitext,2,Top half > Section 1,16TeamBracket-Tennis3,Second round,5,3,'''{{flagicon|INA}} [[Gregoria Mariska Tunjung|G M Tunjung]]''',{{flagicon|DEN}} [[Julie Dawall Jakobsen|J D Jakobsen]],'''21'''-17 | '''21'''-8 | -,Completed,False,1
2025,WS,2025_BWF_World_Championships_Women_s_singles.wikitext,2,Top half > Section 1,16TeamBracket-Tennis3,Second round,5,4,'''{{flagicon|KOR}} [[Sim Yu-jin|Sim Y-j]]''',{{flagicon|SRI}} [[Ranithma Liyanage|R Liyanage]],'''21'''-14 | '''21'''-16 | -,Completed,False,1
2025,WS,2025_BWF_World_Championships_Women_s_singles.wikitext,2,Top half > Section 1,16TeamBracket-Tennis3,Third round,4,1,'''{{flagicon|KOR}} [[An Se-young|An S-y]]''',{{flagicon|CAN}} [[Michelle Li|M Li]],'''21'''-18 | '''21'''-10 | -,Completed,False,1
2025,WS,2025_BWF_World_Championships_Women_s_singles.wikitext,2,Top half > Section 1,16TeamBracket-Tennis3,Third round,4,2,{{flagicon|INA}} [[Gregoria Mariska Tunjung|G M Tunjung]],'''{{flagicon|KOR}} [[Sim Yu-jin|Sim Y-j]]''',15-'''21''' | 18-'''21''' | -,Completed,False,2
2025,WS,2025_BWF_World_Championships_Women_s_singles.wikitext,2,Top half > Section 1,16TeamBracket-Tennis3,Quarter-finals,3,1,'''{{flagicon|KOR}} [[An Se-young|An S-y]]''',{{flagicon|KOR}} [[Sim Yu-jin|Sim Y-j]],'''21'''-10 | '''21'''-6 | -,Completed,False,1
2025,WS,2025_BWF_World_Championships_Women_s_singles.wikitext,3,Top half > Section 2,16TeamBracket-Tennis3,First round,6,1,'''{{flagicon|CHN}} [[Chen Yufei|Chen YF]]''',{{flagicon|FRA}} [[Anna Tatranova|A Tatranova]],'''21'''-10 | '''21'''-12 | -,Completed,False,1
2025,WS,2025_BWF_World_Championships_Women_s_singles.wikitext,3,Top half > Section 2,16TeamBracket-Tennis3,First round,6,2,'''{{flagicon|DEN}} [[Mia Blichfeldt|M Blichfeldt]]''',{{flagicon|TPE}} [[Sung Shuo-yun|Sung S-y]],'''21'''-9 | '''21'''-19 | -,Completed,False,1
2025,WS,2025_BWF_World_Championships_Women_s_singles.wikitext,3,Top half > Section 2,16TeamBracket-Tennis3,First round,6,3,{{flagicon|THA}} [[Ratchanok Intanon|R Intanon]],'''{{flagicon|VIE}} [[Nguyễn Thùy Linh|Nguyễn T L]]''',17-'''21''' | 18-'''21''' | -,Completed,False,2
2025,WS,2025_BWF_World_Championships_Women_s_singles.wikitext,3,Top half > Section 2,16TeamBracket-Tennis3,First round,6,4,{{flagicon|UGA}} [[Fadilah Mohamed Rafi|F M Rafi]],'''{{flagicon|SCO}} [[Kirsty Gilmour|K Gilmour]]''',12-'''21''' | 5-'''21''' | -,Completed,False,2
2025,WS,2025_BWF_World_Championships_Women_s_singles.wikitext,3,Top half > Section 2,16TeamBracket-Tennis3,First round,6,5,'''{{flagicon|THA}} [[Pornpawee Chochuwong|P Chochuwong]]''',{{flagicon|SGP}} [[Jaslyn Hooi|J Hooi]],'''21'''-14 | '''21'''-8 | -,Completed,False,1
2025,WS,2025_BWF_World_Championships_Women_s_singles.wikitext,3,Top half > Section 2,16TeamBracket-Tennis3,First round,6,6,{{flagicon|BUL}} [[Stefani Stoeva|S Stoeva]],'''{{flagicon|USA}} [[Ishika Jaiswal|I Jaiswal]]''',19-'''21''' | '''21'''-15 | 20-'''22''',Completed,False,2
2025,WS,2025_BWF_World_Championships_Women_s_singles.wikitext,3,Top half > Section 2,16TeamBracket-Tennis3,First round,6,7,'''{{flagicon|SGP}} [[Yeo Jia Min|Yeo J M]]''',{{flagicon|MYA}} [[Thet Htar Thuzar|Thet Htar T]],'''21'''-7 | '''21'''-10 | -,Completed,False,1
2025,WS,2025_BWF_World_Championships_Women_s_singles.wikitext,3,Top half > Section 2,16TeamBracket-Tennis3,First round,6,8,'''{{flagicon|THA}} [[Busanan Ongbamrungphan|B Ongbamrungphan]]''',{{flagicon|CZE}} [[Tereza Švábíková|T Švábíková]],'''21'''-12 | '''21'''-8 | -,Completed,False,1
2025,WS,2025_BWF_World_Championships_Women_s_singles.wikitext,3,Top half > Section 2,16TeamBracket-Tennis3,Second round,5,1,'''{{flagicon|CHN}} [[Chen Yufei|Chen YF]]''',{{flagicon|DEN}} [[Mia Blichfeldt|M Blichfeldt]],'''21'''-13 | 16-'''21''' | '''21'''-10,Completed,False,1
2025,WS,2025_BWF_World_Championships_Women_s_singles.wikitext,3,Top half > Section 2,16TeamBracket-Tennis3,Second round,5,2,''' {{flagicon|VIE}} [[Nguyễn Thùy Linh|Nguyễn T L]]''',{{flagicon|SCO}} [[Kirsty Gilmour|K Gilmour]],'''21'''-17 | '''23'''-21 | -,Completed,False,1
2025,WS,2025_BWF_World_Championships_Women_s_singles.wikitext,3,Top half > Section 2,16TeamBracket-Tennis3,Second round,5,3,'''{{flagicon|THA}} [[Pornpawee Chochuwong|P Chochuwong]]''',{{flagicon|USA}} [[Ishika Jaiswal|I Jaiswal]],'''21'''-13 | '''21'''-13 | -,Completed,False,1
2025,WS,2025_BWF_World_Championships_Women_s_singles.wikitext,3,Top half > Section 2,16TeamBracket-Tennis3,Second round,5,4,{{flagicon|SGP}} [[Yeo Jia Min|Yeo J M]],'''{{flagicon|THA}} [[Busanan Ongbamrungphan|B Ongbamrungphan]]''',17-'''21''' | 20-'''22''' | -,Completed,False,2
2025,WS,2025_BWF_World_Championships_Women_s_singles.wikitext,3,Top half > Section 2,16TeamBracket-Tennis3,Third round,4,1,'''{{flagicon|CHN}} [[Chen Yufei|Chen YF]]''',{{flagicon|VIE}} [[Nguyễn Thùy Linh|Nguyễn T L]],'''21'''-10 | '''21'''-9 | -,Completed,False,1
2025,WS,2025_BWF_World_Championships_Women_s_singles.wikitext,3,Top half > Section 2,16TeamBracket-Tennis3,Third round,4,2,'''{{flagicon|THA}} [[Pornpawee Chochuwong|P Chochuwong]]''',{{flagicon|THA}} [[Busanan Ongbamrungphan|B Ongbamrungphan]],'''21'''-10 | '''21'''-11 | -,Completed,False,1
2025,WS,2025_BWF_World_Championships_Women_s_singles.wikitext,3,Top half > Section 2,16TeamBracket-Tennis3,Quarter-finals,3,1,'''{{flagicon|CHN}} [[Chen Yufei|Chen YF]]''',{{flagicon|THA}} [[Pornpawee Chochuwong|P Chochuwong]],'''22'''-20 | '''21'''-14 | -,Completed,False,1
2025,WS,2025_BWF_World_Championships_Women_s_singles.wikitext,4,Bottom half > Section 3,16TeamBracket-Tennis3,First round,6,1,{{flagicon|EST}} [[Kristin Kuuba|K Kuuba]],'''{{flagicon|DEN}} [[Line Kjærsfeldt|L Kjærsfeldt]]''',10-'''21''' | 19-'''21''' | -,Completed,False,2
2025,WS,2025_BWF_World_Championships_Women_s_singles.wikitext,4,Bottom half > Section 3,16TeamBracket-Tennis3,First round,6,2,{{flagicon|GER}} [[Miranda Wilson (badminton)|M Wilson]],'''{{flagicon|THA}} [[Supanida Katethong|S Katethong]]''',13-'''21''' | 8-'''21''' | -,Completed,False,2
2025,WS,2025_BWF_World_Championships_Women_s_singles.wikitext,4,Bottom half > Section 3,16TeamBracket-Tennis3,First round,6,3,{{flagicon|UKR}} [[Polina Buhrova|P Buhrova]],'''{{flagicon|KOR}} [[Kim Ga-eun (badminton)|Kim G-e]]''',12-'''21''' | 10-'''21''' | -,Completed,False,2
2025,WS,2025_BWF_World_Championships_Women_s_singles.wikitext,4,Bottom half > Section 3,16TeamBracket-Tennis3,First round,6,4,{{flagicon|AUS}} [[Kai Qi Teoh|K Q Teoh]],'''{{flagicon|JPN}} [[Akane Yamaguchi|A Yamaguchi]]''',7-'''21''' | 2-'''21''' | -,Completed,False,2
2025,WS,2025_BWF_World_Championships_Women_s_singles.wikitext,4,Bottom half > Section 3,16TeamBracket-Tennis3,First round,6,5,{{flagicon|UKR}} [[Yevheniia Kantemyr|Y Kantemyr]],'''{{flagicon|VIE}} [[Vũ Thị Trang|Vũ T T]]''',20-'''22''' | 8-'''21''' | -,Completed,False,2
2025,WS,2025_BWF_World_Championships_Women_s_singles.wikitext,4,Bottom half > Section 3,16TeamBracket-Tennis3,First round,6,6,{{flagicon|MAS}} [[Goh Jin Wei|Goh J W]],'''{{flagicon|CHN}} [[Gao Fangjie|Gao FJ]]''',14-'''21''' | 9-'''21''' | -,Completed,False,2
2025,WS,2025_BWF_World_Championships_Women_s_singles.wikitext,4,Bottom half > Section 3,16TeamBracket-Tennis3,First round,6,7,'''{{flagicon|USA}} [[Beiwen Zhang|BW Zhang]]''',{{flagicon|ITA}} [[Yasmine Hamza|Y Hamza]],'''21'''-10 | '''21'''-13 | -,Completed,False,1
2025,WS,2025_BWF_World_Championships_Women_s_singles.wikitext,4,Bottom half > Section 3,16TeamBracket-Tennis3,First round,6,8,{{flagicon|TPE}} [[Chiu Pin-chian|Chiu P-c]],'''{{flagicon|CHN}} [[Han Yue|Han Y]]''',10-'''21''' | 16-'''21''' | -,Completed,False,2
2025,WS,2025_BWF_World_Championships_Women_s_singles.wikitext,4,Bottom half > Section 3,16TeamBracket-Tennis3,Second round,5,1,{{flagicon|DEN}} [[Line Kjærsfeldt|L Kjærsfeldt]],'''{{flagicon|THA}} [[Supanida Katethong|S Katethong]]''','''21'''-14 | 20-'''22''' | 19-'''21''',Completed,False,2
2025,WS,2025_BWF_World_Championships_Women_s_singles.wikitext,4,Bottom half > Section 3,16TeamBracket-Tennis3,Second round,5,2,{{flagicon|KOR}} [[Kim Ga-eun (badminton)|Kim G-e]],'''{{flagicon|JPN}} [[Akane Yamaguchi|A Yamaguchi]]''',19-'''21''' | 19-'''21''' | -,Completed,False,2
2025,WS,2025_BWF_World_Championships_Women_s_singles.wikitext,4,Bottom half > Section 3,16TeamBracket-Tennis3,Second round,5,3,{{flagicon|VIE}} [[Vũ Thị Trang|Vũ T T]],'''{{flagicon|CHN}} [[Gao Fangjie|Gao FJ]]''',17-'''21''' | 18-'''21''' | -,Completed,False,2
2025,WS,2025_BWF_World_Championships_Women_s_singles.wikitext,4,Bottom half > Section 3,16TeamBracket-Tennis3,Second round,5,4,{{flagicon|USA}} [[Beiwen Zhang|BW Zhang]],'''{{flagicon|CHN}} [[Han Yue|Han Y]]''',22-'''24''' | 13-'''21''' | -,Completed,False,2
2025,WS,2025_BWF_World_Championships_Women_s_singles.wikitext,4,Bottom half > Section 3,16TeamBracket-Tennis3,Third round,4,1,{{flagicon|THA}} [[Supanida Katethong|S Katethong]],'''{{flagicon|JPN}} [[Akane Yamaguchi|A Yamaguchi]]''',11-'''21''' | 17-'''21''' | -,Completed,False,2
2025,WS,2025_BWF_World_Championships_Women_s_singles.wikitext,4,Bottom half > Section 3,16TeamBracket-Tennis3,Third round,4,2,{{flagicon|CHN}} [[Gao Fangjie|Gao FJ]],'''{{flagicon|CHN}} [[Han Yue|Han Y]]''',14-'''21''' | 19-'''21''' | -,Completed,False,2
2025,WS,2025_BWF_World_Championships_Women_s_singles.wikitext,4,Bottom half > Section 3,16TeamBracket-Tennis3,Quarter-finals,3,1,'''{{flagicon|JPN}} [[Akane Yamaguchi|A Yamaguchi]]''',{{flagicon|CHN}} [[Han Yue|Han Y]],'''21'''-5 | '''21'''-19 | -,Completed,False,1
2025,WS,2025_BWF_World_Championships_Women_s_singles.wikitext,5,Bottom half > Section 4,16TeamBracket-Tennis3,First round,6,1,'''{{flagicon|BRA}} [[Juliana Viana Vieira|J V Vieira]]''',{{flagicon|AZE}} [[Keisha Fatimah Azzahra|K F Azzahra]],'''21'''-16 | '''21'''-14 | -,Completed,False,1
2025,WS,2025_BWF_World_Championships_Women_s_singles.wikitext,5,Bottom half > Section 4,16TeamBracket-Tennis3,First round,6,2,{{flagicon|HKG}} [[Lo Sin Yan|Lo S Y]],'''{{flagicon|INA}} [[Putri Kusuma Wardani|P K Wardani]]''',18-'''21''' | 11-'''21''' | -,Completed,False,2
2025,WS,2025_BWF_World_Championships_Women_s_singles.wikitext,5,Bottom half > Section 4,16TeamBracket-Tennis3,First round,6,3,{{flagicon|HUN}} [[Vivien Sandorhazi|V Sándorházi]],'''{{flagicon|TPE}} [[Hsu Wen-chi|Hsu W-c]]''','''22'''-20 | 15-'''21''' | 12-'''21''',Completed,False,2
2025,WS,2025_BWF_World_Championships_Women_s_singles.wikitext,5,Bottom half > Section 4,16TeamBracket-Tennis3,First round,6,4,{{flagicon|TUR}} [[Neslihan Arın|N Arın]],'''{{flagicon|JPN}} [[Tomoka Miyazaki|T Miyazaki]]''','''21'''-16 | 12-'''21''' | 14-'''21''',Completed,False,2
2025,WS,2025_BWF_World_Championships_Women_s_singles.wikitext,5,Bottom half > Section 4,16TeamBracket-Tennis3,First round,6,5,{{flagicon|HKG}} [[Saloni Samirbhai Mehta|S S Mehta]],'''{{flagicon|MAS}} [[Letshanaa Karupathevan|Letshanaa K]]''',18-'''21''' | 8-'''21''' | -,Completed,False,2
2025,WS,2025_BWF_World_Championships_Women_s_singles.wikitext,5,Bottom half > Section 4,16TeamBracket-Tennis3,First round,6,6,{{flagicon|BUL}} [[Kaloyana Nalbantova|K Nalbantova]],'''{{flagicon|IND}} [[P. V. Sindhu]]''',21-'''23''' | 6-'''21''' | -,Completed,False,2
2025,WS,2025_BWF_World_Championships_Women_s_singles.wikitext,5,Bottom half > Section 4,16TeamBracket-Tennis3,First round,6,7,{{flagicon|ESP}} [[Clara Azurmendi|C Azurmendi]],'''{{flagicon|TPE}} [[Lin Hsiang-ti|Lin H-t]]''',14-'''21''' | 16-'''21''' | -,Completed,False,2
2025,WS,2025_BWF_World_Championships_Women_s_singles.wikitext,5,Bottom half > Section 4,16TeamBracket-Tennis3,First round,6,8,{{flagicon|HUN}} [[Ágnes Kőrösi|Á Kőrösi]],'''{{flagicon|CHN}} [[Wang Zhiyi|Wang ZY]]''',5-'''21''' | 4-'''21''' | -,Completed,False,2
2025,WS,2025_BWF_World_Championships_Women_s_singles.wikitext,5,Bottom half > Section 4,16TeamBracket-Tennis3,Second round,5,1,{{flagicon|BRA}} [[Juliana Viana Vieira|J V Vieira]],'''{{flagicon|INA}} [[Putri Kusuma Wardani|P K Wardani]]''',15-'''21''' | 11-'''21''' | -,Completed,False,2
2025,WS,2025_BWF_World_Championships_Women_s_singles.wikitext,5,Bottom half > Section 4,16TeamBracket-Tennis3,Second round,5,2,{{flagicon|TPE}} [[Hsu Wen-chi|Hsu W-c]],'''{{flagicon|JPN}} [[Tomoka Miyazaki|T Miyazaki]]''',10-'''21''' | '''21'''-13 | 10-'''21''',Completed,False,2
2025,WS,2025_BWF_World_Championships_Women_s_singles.wikitext,5,Bottom half > Section 4,16TeamBracket-Tennis3,Second round,5,3,{{flagicon|MAS}} [[Letshanaa Karupathevan|Letshanaa K]],''' {{flagicon|IND}} [[P. V. Sindhu]]''',19-'''21''' | 15-'''21''' | -,Completed,False,2
2025,WS,2025_BWF_World_Championships_Women_s_singles.wikitext,5,Bottom half > Section 4,16TeamBracket-Tennis3,Second round,5,4,{{flagicon|TPE}} [[Lin Hsiang-ti|Lin H-t]],'''{{flagicon|CHN}} [[Wang Zhiyi|Wang ZY]]''',18-'''21''' | 7-'''21''' | -,Completed,False,2
2025,WS,2025_BWF_World_Championships_Women_s_singles.wikitext,5,Bottom half > Section 4,16TeamBracket-Tennis3,Third round,4,1,'''{{flagicon|INA}} [[Putri Kusuma Wardani|P K Wardani]]''',{{flagicon|JPN}} [[Tomoka Miyazaki|T Miyazaki]],'''21'''-12 | '''21'''-11 | -,Completed,False,1
2025,WS,2025_BWF_World_Championships_Women_s_singles.wikitext,5,Bottom half > Section 4,16TeamBracket-Tennis3,Third round,4,2,'''{{flagicon|IND}} [[P. V. Sindhu]]''',{{flagicon|CHN}} [[Wang Zhiyi|Wang ZY]],'''21'''-19 | '''21'''-15 | -,Completed,False,1
2025,WS,2025_BWF_World_Championships_Women_s_singles.wikitext,5,Bottom half > Section 4,16TeamBracket-Tennis3,Quarter-finals,3,1,'''{{flagicon|INA}} [[Putri Kusuma Wardani|P K Wardani]]''',{{flagicon|IND}} [[P. V. Sindhu]],'''21'''-14 | 13-'''21''' | '''21'''-16,Completed,False,1
2026,MD,2026_BWF_World_Championships_Men_s_doubles.wikitext,1,Finals,4TeamBracket-Tennis3,Semi-finals,2,1,{{flagicon|KOR}} [[Kim Won-ho]]<br/>{{flagicon|KOR}} [[Seo Seung-jae]],'''{{flagicon|MAS}} [[Aaron Chia]]<br />{{flagicon|MAS}} [[Soh Wooi Yik]]''',17-'''21''' | 18-'''21''' | -,Completed,False,2
2026,MD,2026_BWF_World_Championships_Men_s_doubles.wikitext,1,Finals,4TeamBracket-Tennis3,Semi-finals,2,2,'''{{flagicon|CHN}} [[Liang Weikeng]]<br />{{flagicon|CHN}} [[Wang Chang (badminton)|Wang Chang]]''',{{flagicon|TPE}} [[Lee Jhe-huei]]<br />{{flagicon|TPE}} [[Yang Po-hsuan]],'''21'''-18 | '''21'''-14 | -,Completed,False,1
2026,MD,2026_BWF_World_Championships_Men_s_doubles.wikitext,1,Finals,4TeamBracket-Tennis3,Final,1,1,{{flagicon|MAS}} [[Aaron Chia]]<br />{{flagicon|MAS}} [[Soh Wooi Yik]],'''{{flagicon|CHN}} [[Liang Weikeng]]<br />{{flagicon|CHN}} [[Wang Chang (badminton)|Wang Chang]]''',17-'''21''' | 16-'''21''' | -,Completed,False,2
2026,MD,2026_BWF_World_Championships_Men_s_doubles.wikitext,2,Top half > Section 1,16TeamBracket-Tennis3-Byes,First round,6,2,{{flagicon|FRA}} [[Christo Popov|C Popov]]<br />{{flagicon|FRA}} [[Toma Junior Popov|T J Popov]],'''{{flagicon|JPN}} [[Takumi Nomura|T Nomura]]<br/>{{flagicon|JPN}} [[Yuichi Shimogami|Y Shimogami]]''',13-'''21''' | 17-'''21''' | -,Completed,False,2
2026,MD,2026_BWF_World_Championships_Men_s_doubles.wikitext,2,Top half > Section 1,16TeamBracket-Tennis3-Byes,First round,6,4,{{flagicon|PHI}} [[Solomon Padiz Jr.|S Padiz Jr.]]<br/>{{flagicon|PHI}} [[Julius Villabrille|J Villabrille]],'''{{flagicon|SGP}} [[Donovan Wee|D Wee]]<br/>{{flagicon|SGP}} [[Howin Wong|H Wong]]''',19-'''21''' | 11-'''21''' | -,Completed,False,2
2026,MD,2026_BWF_World_Championships_Men_s_doubles.wikitext,2,Top half > Section 1,16TeamBracket-Tennis3-Byes,First round,6,6,'''{{flagicon|SCO}} [[Christopher Grimley|C Grimley]]<br />{{flagicon|SCO}} [[Matthew Grimley|M Grimley]]''',{{flagicon|CAN}} [[Kevin Lee (badminton)|K Lee]]<br />{{flagicon|CAN}} [[Ty Alexander Lindeman|T A Lindeman]],'''21'''-17 | 19-'''21''' | '''21'''-10,Completed,False,1
2026,MD,2026_BWF_World_Championships_Men_s_doubles.wikitext,2,Top half > Section 1,16TeamBracket-Tennis3-Byes,First round,6,8,'''{{flagicon|JPN}} [[Kakeru Kumagai|K Kumagai]]<br />{{flagicon|JPN}} [[Hiroki Nishi|H Nishi]]''',{{flagicon|TPE}} [[Lee Fang-jen|Lee F-j]]<br />{{flagicon|TPE}} [[Lee Fang-chih|Lee F-c]],'''21'''-12 | 18-'''21''' | '''21'''-18,Completed,False,1
2026,MD,2026_BWF_World_Championships_Men_s_doubles.wikitext,2,Top half > Section 1,16TeamBracket-Tennis3-Byes,Second round,5,1,'''{{flagicon|KOR}} [[Kim Won-ho|Kim W-h]]<br/>{{flagicon|KOR}} [[Seo Seung-jae|Seo S-j]]''',{{flagicon|JPN}} [[Takumi Nomura|T Nomura]]<br/>{{flagicon|JPN}} [[Yuichi Shimogami|Y Shimogami]],'''21'''-16 | '''21'''-13 | -,Completed,False,1
2026,MD,2026_BWF_World_Championships_Men_s_doubles.wikitext,2,Top half > Section 1,16TeamBracket-Tennis3-Byes,Second round,5,2,'''{{flagicon|ENG}} [[Ben Lane|B Lane]]<br />{{flagicon|ENG}} [[Sean Vendy|S Vendy]]''',{{flagicon|SGP}} [[Donovan Wee|D Wee]]<br/>{{flagicon|SGP}} [[Howin Wong|H Wong]],'''21'''-16 | 19-'''21''' | '''21'''-12,Completed,False,1
2026,MD,2026_BWF_World_Championships_Men_s_doubles.wikitext,2,Top half > Section 1,16TeamBracket-Tennis3-Byes,Second round,5,3,'''{{flagicon|MAS}} [[Goh Sze Fei|Goh S F]]<br />{{flagicon|MAS}} [[Nur Izzuddin|N Izzuddin]]''',{{flagicon|SCO}} [[Christopher Grimley|C Grimley]]<br />{{flagicon|SCO}} [[Matthew Grimley|M Grimley]],'''21'''-11 | 15-'''21''' | '''21'''-16,Completed,False,1
2026,MD,2026_BWF_World_Championships_Men_s_doubles.wikitext,2,Top half > Section 1,16TeamBracket-Tennis3-Byes,Second round,5,4,'''{{flagicon|TPE}} [[Chiu Hsiang-chieh|Chiu H-c]]<br />{{flagicon|TPE}} [[Wang Chi-lin|Wang C-l]]''',{{flagicon|JPN}} [[Kakeru Kumagai|K Kumagai]]<br />{{flagicon|JPN}} [[Hiroki Nishi|H Nishi]],'''21'''-14 | '''21'''-14 | -,Completed,False,1
2026,MD,2026_BWF_World_Championships_Men_s_doubles.wikitext,2,Top half > Section 1,16TeamBracket-Tennis3-Byes,Third round,4,1,'''{{flagicon|KOR}} [[Kim Won-ho|Kim W-h]]<br/>{{flagicon|KOR}} [[Seo Seung-jae|Seo S-j]]''',{{flagicon|ENG}} [[Ben Lane|B Lane]]<br />{{flagicon|ENG}} [[Sean Vendy|S Vendy]],'''21'''-13 | '''21'''-16 | -,Completed,False,1
2026,MD,2026_BWF_World_Championships_Men_s_doubles.wikitext,2,Top half > Section 1,16TeamBracket-Tennis3-Byes,Third round,4,2,'''{{flagicon|MAS}} [[Goh Sze Fei|Goh S F]]<br />{{flagicon|MAS}} [[Nur Izzuddin|N Izzuddin]]''',{{flagicon|TPE}} [[Chiu Hsiang-chieh|Chiu H-c]]<br />{{flagicon|TPE}} [[Wang Chi-lin|Wang C-l]],'''21'''-17 | '''21'''-17 | -,Completed,False,1
2026,MD,2026_BWF_World_Championships_Men_s_doubles.wikitext,2,Top half > Section 1,16TeamBracket-Tennis3-Byes,Quarter-finals,3,1,'''{{flagicon|KOR}} [[Kim Won-ho|Kim W-h]]<br/>{{flagicon|KOR}} [[Seo Seung-jae|Seo S-j]]''',{{flagicon|MAS}} [[Goh Sze Fei|Goh S F]]<br />{{flagicon|MAS}} [[Nur Izzuddin|N Izzuddin]],'''21'''-16 | '''21'''-16 | -,Completed,False,1
2026,MD,2026_BWF_World_Championships_Men_s_doubles.wikitext,3,Top half > Section 2,16TeamBracket-Tennis3-Byes,First round,6,2,{{flagicon|GER}} [[Jonathan Dresp|J Dresp]]<br/>{{flagicon|GER}} [[Simon Krax|S Krax]],'''{{flagicon|THA}} [[Peeratchai Sukphun|P Sukphun]] <br/>{{flagicon|THA}} [[Pakkapon Teeraratsakul|Pak Teeraratsakul]]''',12-'''21''' | '''21'''-15 | 11-'''21''',Completed,False,2
2026,MD,2026_BWF_World_Championships_Men_s_doubles.wikitext,3,Top half > Section 2,16TeamBracket-Tennis3-Byes,First round,6,4,{{flagicon|USA}} [[Chen Zhi-yi|Chen Z-y]]<br/>{{flagicon|USA}} [[Presley Smith|P Smith]],'''{{flagicon|CHN}} [[Huang Di (badminton)|Huang D]]<br/>{{flagicon|CHN}} [[Liu Yang (badminton)|Liu Ya]]''',14-'''21''' | 16-'''21''' | -,Completed,False,2
2026,MD,2026_BWF_World_Championships_Men_s_doubles.wikitext,3,Top half > Section 2,16TeamBracket-Tennis3-Byes,First round,6,6,'''{{flagicon|CHN}} [[Hu Keyuan|Hu KY]]<br />{{flagicon|CHN}} [[Lin Xiangyi|Lin XY]]''',{{flagicon|SWI}} [[Yann Orteu|Y Orteu]]<br/>{{flagicon|SWI}} [[Minh Quang Pham|M Q Pham]],'''21'''-6 | '''21'''-10 | -,Completed,False,1
2026,MD,2026_BWF_World_Championships_Men_s_doubles.wikitext,3,Top half > Section 2,16TeamBracket-Tennis3-Byes,First round,6,8,{{flagicon|SWE}} [[Mio Molin|M Molin]]<br/>{{flagicon|SWE}} [[Max Svensson (badminton)|M Svensson]],'''{{flagicon|BRA}} [[Fabrício Farias|F Farias]]<br/>{{flagicon|BRA}} [[Davi Silva|D Silva]]''',14-'''21''' | 20-'''22''' | -,Completed,False,2
2026,MD,2026_BWF_World_Championships_Men_s_doubles.wikitext,3,Top half > Section 2,16TeamBracket-Tennis3-Byes,Second round,5,1,'''{{flagicon|MAS}} [[Aaron Chia|A Chia]]<br />{{flagicon|MAS}} [[Soh Wooi Yik|Soh W Y]]''',{{flagicon|THA}} [[Peeratchai Sukphun|P Sukphun]] <br/>{{flagicon|THA}} [[Pakkapon Teeraratsakul|Pak Teeraratsakul]],15-'''21''' | '''21'''-11 | '''21'''-18,Completed,False,1
2026,MD,2026_BWF_World_Championships_Men_s_doubles.wikitext,3,Top half > Section 2,16TeamBracket-Tennis3-Byes,Second round,5,2,'''{{flagicon|MAS}} [[Man Wei Chong|Man W C]]<br/>&nbsp;{{flagicon|MAS}} [[Tee Kai Wun|Tee K W]]''',{{flagicon|CHN}} [[Huang Di (badminton)|Huang D]]<br/>{{flagicon|CHN}} [[Liu Yang (badminton)|Liu Ya]],'''21'''-14 | '''21'''-15 | -,Completed,False,1
2026,MD,2026_BWF_World_Championships_Men_s_doubles.wikitext,3,Top half > Section 2,16TeamBracket-Tennis3-Byes,Second round,5,3,{{flagicon|CHN}} [[Chen Boyang|Chen BY]]<br />{{flagicon|CHN}} [[Liu Yi (badminton)|Liu Yi]],'''{{flagicon|CHN}} [[Hu Keyuan|Hu KY]]<br />{{flagicon|CHN}} [[Lin Xiangyi|Lin XY]]''',18-'''21''' | 18-'''21''' | -,Completed,False,2
2026,MD,2026_BWF_World_Championships_Men_s_doubles.wikitext,3,Top half > Section 2,16TeamBracket-Tennis3-Byes,Second round,5,4,'''{{flagicon|DEN}} [[Daniel Lundgaard|D Lundgaard]]<br />{{flagicon|DEN}} [[Mads Vestergaard|M Vestergaard]]''',{{flagicon|BRA}} [[Fabrício Farias|F Farias]]<br/>{{flagicon|BRA}} [[Davi Silva|D Silva]],'''21'''-14 | '''21'''-11 | -,Completed,False,1
2026,MD,2026_BWF_World_Championships_Men_s_doubles.wikitext,3,Top half > Section 2,16TeamBracket-Tennis3-Byes,Third round,4,1,'''{{flagicon|MAS}} [[Aaron Chia|A Chia]]<br />{{flagicon|MAS}} [[Soh Wooi Yik|Soh W Y]]''',{{flagicon|MAS}} [[Man Wei Chong|Man W C]]<br/>&nbsp;{{flagicon|MAS}} [[Tee Kai Wun|Tee K W]],w- | /- | o-,Walkover,False,1
2026,MD,2026_BWF_World_Championships_Men_s_doubles.wikitext,3,Top half > Section 2,16TeamBracket-Tennis3-Byes,Third round,4,2,'''{{flagicon|CHN}} [[Hu Keyuan|Hu KY]]<br />{{flagicon|CHN}} [[Lin Xiangyi|Lin XY]]''',{{flagicon|DEN}} [[Daniel Lundgaard|D Lundgaard]]<br />{{flagicon|DEN}} [[Mads Vestergaard|M Vestergaard]],'''21'''-14 | 16-'''21''' | '''21'''-16,Completed,False,1
2026,MD,2026_BWF_World_Championships_Men_s_doubles.wikitext,3,Top half > Section 2,16TeamBracket-Tennis3-Byes,Quarter-finals,3,1,'''{{flagicon|MAS}} [[Aaron Chia|A Chia]]<br />{{flagicon|MAS}} [[Soh Wooi Yik|Soh W Y]]''',{{flagicon|CHN}} [[Hu Keyuan|Hu KY]]<br />{{flagicon|CHN}} [[Lin Xiangyi|Lin XY]],'''21'''-11 | '''21'''-17 | -,Completed,False,1
2026,MD,2026_BWF_World_Championships_Men_s_doubles.wikitext,4,Bottom half > Section 3,16TeamBracket-Tennis3-Byes,First round,6,1,{{flagicon|VIE}} [[Nguyễn Đình Hoàng|Nguyễn Đ H]]<br/>{{flagicon|VIE}} [[Trần Đình Mạnh|Trần Đ M]],'''{{flagicon|MAS}} [[Junaidi Arif|J Arif]]<br />{{flagicon|MAS}} [[Yap Roy King|Yap R K]]''',9-'''21''' | 13-'''21''' | -,Completed,False,2
2026,MD,2026_BWF_World_Championships_Men_s_doubles.wikitext,4,Bottom half > Section 3,16TeamBracket-Tennis3-Byes,First round,6,3,'''{{flagicon|SCO}} [[Alexander Dunn (badminton)|A Dunn]]<br/>{{flagicon|SCO}} [[Adam Pringle|A Pringle]]''',{{flagicon|THA}} [[Chaloempon Charoenkitamorn|C Charoenkitamorn]]<br/>{{flagicon|THA}} [[Worrapol Thongsa-nga|W Thongsa-nga]],'''21'''-10 | '''21'''-19 | -,Completed,False,1
2026,MD,2026_BWF_World_Championships_Men_s_doubles.wikitext,4,Bottom half > Section 3,16TeamBracket-Tennis3-Byes,First round,6,5,{{flagicon|GER}} [[Bjarne Geiss|B Geiss]]<br/>{{flagicon|GER}} [[Jones Ralfy Jansen|J R Jansen]],'''{{flagicon|SGP}} [[Wesley Koh|W Koh]]<br/>{{flagicon|SGP}} [[Junsuke Kubo|J Kubo]]''','''21'''-16 | 12-'''21''' | 16-'''21''',Completed,False,2
2026,MD,2026_BWF_World_Championships_Men_s_doubles.wikitext,4,Bottom half > Section 3,16TeamBracket-Tennis3-Byes,First round,6,7,{{flagicon|AIN}} [[Rodion Alimov|R Alimov]]<br/>{{flagicon|AIN}} [[Maksim Ogloblin|M Ogloblin]],'''{{flagicon|ENG}} [[Alex Green (badminton)|A Green]]<br/>{{flagicon|ENG}} [[Zach Russ|Z Russ]]''',19-'''21''' | 14-'''21''' | -,Completed,False,2
2026,MD,2026_BWF_World_Championships_Men_s_doubles.wikitext,4,Bottom half > Section 3,16TeamBracket-Tennis3-Byes,Second round,5,1,'''{{flagicon|MAS}} [[Junaidi Arif|J Arif]]<br />{{flagicon|MAS}} [[Yap Roy King|Yap R K]]''',{{flagicon|INA}} [[Raymond Indra|R Indra]]<br />{{flagicon|INA}} [[Nikolaus Joaquin|N Joaquin]],'''21'''-16 | '''21'''-19 | -,Completed,False,1
2026,MD,2026_BWF_World_Championships_Men_s_doubles.wikitext,4,Bottom half > Section 3,16TeamBracket-Tennis3-Byes,Second round,5,2,{{flagicon|SCO}} [[Alexander Dunn (badminton)|A Dunn]]<br/>{{flagicon|SCO}} [[Adam Pringle|A Pringle]],'''{{flagicon|IND}} [[Satwiksairaj Rankireddy|S Rankireddy]]<br/>{{flagicon|IND}} [[Chirag Shetty|C Shetty]]''',-w | -/ | -o,Walkover,False,2
2026,MD,2026_BWF_World_Championships_Men_s_doubles.wikitext,4,Bottom half > Section 3,16TeamBracket-Tennis3-Byes,Second round,5,3,{{flagicon|SGP}} [[Wesley Koh|W Koh]]<br/>{{flagicon|SGP}} [[Junsuke Kubo|J Kubo]],'''{{flagicon|DEN}} [[Kim Astrup|K Astrup]]<br />{{flagicon|DEN}} [[Anders Skaarup Rasmussen|A S Rasmussen]]''',16-'''21''' | 8-'''21''' | -,Completed,False,2
2026,MD,2026_BWF_World_Championships_Men_s_doubles.wikitext,4,Bottom half > Section 3,16TeamBracket-Tennis3-Byes,Second round,5,4,{{flagicon|ENG}} [[Alex Green (badminton)|A Green]]<br/>{{flagicon|ENG}} [[Zach Russ|Z Russ]],'''{{flagicon|CHN}} [[Liang Weikeng|Liang WK]]<br />{{flagicon|CHN}} [[Wang Chang (badminton)|Wang C]]''','''22'''-20 | 12-'''21''' | 18-'''21''',Completed,False,2
2026,MD,2026_BWF_World_Championships_Men_s_doubles.wikitext,4,Bottom half > Section 3,16TeamBracket-Tennis3-Byes,Third round,4,1,{{flagicon|MAS}} [[Junaidi Arif|J Arif]]<br />{{flagicon|MAS}} [[Yap Roy King|Yap R K]],'''{{flagicon|IND}} [[Satwiksairaj Rankireddy|S Rankireddy]]<br/>{{flagicon|IND}} [[Chirag Shetty|C Shetty]] ''','''23'''-21 | 19-'''21''' | 17-'''21''',Completed,False,2
2026,MD,2026_BWF_World_Championships_Men_s_doubles.wikitext,4,Bottom half > Section 3,16TeamBracket-Tennis3-Byes,Third round,4,2,{{flagicon|DEN}} [[Kim Astrup|K Astrup]]<br/>{{flagicon|DEN}} [[Anders Skaarup Rasmussen|A S Rasmussen]],'''{{flagicon|CHN}} [[Liang Weikeng|Liang WK]]<br />{{flagicon|CHN}} [[Wang Chang (badminton)|Wang C]]''',20-'''22''' | '''21'''-8 | 19-'''21''',Completed,False,2
2026,MD,2026_BWF_World_Championships_Men_s_doubles.wikitext,4,Bottom half > Section 3,16TeamBracket-Tennis3-Byes,Quarter-finals,3,1,{{flagicon|IND}} [[Satwiksairaj Rankireddy|S Rankireddy]] <br/>{{flagicon|IND}} [[Chirag Shetty|C Shetty]],'''{{flagicon|CHN}} [[Liang Weikeng|Liang WK]]<br />{{flagicon|CHN}} [[Wang Chang (badminton)|Wang C]]''',18-'''21''' | 9-'''21''' | -,Completed,False,2
2026,MD,2026_BWF_World_Championships_Men_s_doubles.wikitext,5,Bottom half > Section 4,16TeamBracket-Tennis3-Byes,First round,6,1,'''{{flagicon|CZE}} [[Jiří Král (badminton)|J Král]]<br/>{{flagicon|CZE}} [[Ondřej Král|O Král]]''',{{flagicon|CAN}} [[Jonathan Lai|J Lai]]<br/>{{flagicon|CAN}} [[Nyl Yakura|N Yakura]],'''21'''-13 | '''21'''-10 | -,Completed,False,1
2026,MD,2026_BWF_World_Championships_Men_s_doubles.wikitext,5,Bottom half > Section 4,16TeamBracket-Tennis3-Byes,First round,6,3,'''{{flagicon|HKG}} [[Hung Kuei Chun|Hung K C]]<br/>{{flagicon|HKG}} [[Lui Chun Wai|Lui C W]]''',{{flagicon|CZE}} [[Vojtěch Havlíček|V Havlíček]]<br/>{{flagicon|CZE}} [[Tomáš Švejda|T Švejda]],'''21'''-15 | '''21'''-13 | -,Completed,False,1
2026,MD,2026_BWF_World_Championships_Men_s_doubles.wikitext,5,Bottom half > Section 4,16TeamBracket-Tennis3-Byes,First round,6,5,{{flagicon|IRL}} [[Scott Guildea|S Guildea]]<br/>{{flagicon|IRL}} [[Paul Reynolds (badminton)|P Reynolds]],'''{{flagicon|IND}} [[Hariharan Amsakarunan|H Amsakarunan]]<br/>{{flagicon|IND}} [[Arjun M. R.]]''',16-'''21''' | 4<sup>r</sup>-6 | -,Retired,False,2
2026,MD,2026_BWF_World_Championships_Men_s_doubles.wikitext,5,Bottom half > Section 4,16TeamBracket-Tennis3-Byes,First round,6,7,'''{{flagicon|FRA}} [[Éloi Adam|É Adam]] <br/>{{flagicon|FRA}} [[Léo Rossi|L Rossi]]''',{{flagicon|ESP}} [[Jacobo Fernández|J Fernández]]<br/>{{flagicon|ESP}} [[Alberto Perals|A Perals]],'''21'''-8 | '''21'''-13 | -,Completed,False,1
2026,MD,2026_BWF_World_Championships_Men_s_doubles.wikitext,5,Bottom half > Section 4,16TeamBracket-Tennis3-Byes,Second round,5,1,{{flagicon|CZE}} [[Jiří Král (badminton)|J Král]]<br/>{{flagicon|CZE}} [[Ondřej Král|O Král]],'''{{flagicon|TPE}} [[Lee Jhe-huei|Lee J-h]]<br />{{flagicon|TPE}} [[Yang Po-hsuan|Yang P-h]]''',12-'''21''' | 16-'''21''' | -,Completed,False,2
2026,MD,2026_BWF_World_Championships_Men_s_doubles.wikitext,5,Bottom half > Section 4,16TeamBracket-Tennis3-Byes,Second round,5,2,{{flagicon|HKG}} [[Hung Kuei Chun|Hung K C]]<br/>{{flagicon|HKG}} [[Lui Chun Wai|Lui C W]],'''{{flagicon|INA}} [[Sabar Karyaman Gutama|S K Gutama]]<br />{{flagicon|INA}} [[Muhammad Reza Pahlevi Isfahani|M R P Isfahani]]''',20-'''22''' | '''21'''-14 | 15-'''21''',Completed,False,2
2026,MD,2026_BWF_World_Championships_Men_s_doubles.wikitext,5,Bottom half > Section 4,16TeamBracket-Tennis3-Byes,Second round,5,3,{{flagicon|IND}} [[Hariharan Amsakarunan|H Amsakarunan]]<br/>{{flagicon|IND}} [[Arjun M. R.]],'''{{flagicon|KOR}} [[Kang Min-hyuk (badminton)|Kang M-h]]<br />{{flagicon|KOR}} [[Ki Dong-ju|Ki D-j]]''',17-'''21''' | 14-'''21''' | -,Completed,False,2
2026,MD,2026_BWF_World_Championships_Men_s_doubles.wikitext,5,Bottom half > Section 4,16TeamBracket-Tennis3-Byes,Second round,5,4,{{flagicon|FRA}} [[Éloi Adam|É Adam]] <br/>{{flagicon|FRA}} [[Léo Rossi|L Rossi]],'''{{flagicon|INA}} [[Fajar Alfian|F Alfian]] <br/>{{flagicon|INA}} [[Muhammad Shohibul Fikri|M S Fikri]]''',14-'''21''' | 13-'''21''' | -,Completed,False,2
2026,MD,2026_BWF_World_Championships_Men_s_doubles.wikitext,5,Bottom half > Section 4,16TeamBracket-Tennis3-Byes,Third round,4,1,'''{{flagicon|TPE}} [[Lee Jhe-huei|Lee J-h]]<br />{{flagicon|TPE}} [[Yang Po-hsuan|Yang P-h]]''',{{flagicon|INA}} [[Sabar Karyaman Gutama|S K Gutama]]<br />{{flagicon|INA}} [[Muhammad Reza Pahlevi Isfahani|M R P Isfahani]],'''21'''-11 | '''21'''-13 | -,Completed,False,1
2026,MD,2026_BWF_World_Championships_Men_s_doubles.wikitext,5,Bottom half > Section 4,16TeamBracket-Tennis3-Byes,Third round,4,2,{{flagicon|KOR}} [[Kang Min-hyuk (badminton)|Kang M-h]]<br />{{flagicon|KOR}} [[Ki Dong-ju|Ki D-j]],'''{{flagicon|INA}} [[Fajar Alfian|F Alfian]] <br/>{{flagicon|INA}} [[Muhammad Shohibul Fikri|M S Fikri]]''',15-'''21''' | '''21'''-14 | 12-'''21''',Completed,False,2
2026,MD,2026_BWF_World_Championships_Men_s_doubles.wikitext,5,Bottom half > Section 4,16TeamBracket-Tennis3-Byes,Quarter-finals,3,1,'''{{flagicon|TPE}} [[Lee Jhe-huei|Lee J-h]]<br />{{flagicon|TPE}} [[Yang Po-hsuan|Yang P-h]]''',{{flagicon|INA}} [[Fajar Alfian|F Alfian]] <br/>{{flagicon|INA}} [[Muhammad Shohibul Fikri|M S Fikri]],'''21'''-19 | '''21'''-16 | -,Completed,False,1
2026,MS,2026_BWF_World_Championships_Men_s_singles.wikitext,1,Finals,4TeamBracket-Tennis3,Semi-finals,2,1,{{flagicon|TPE}} [[Chou Tien-chen]],'''{{flagicon|JPN}} [[Kodai Naraoka]]''','''21'''-17 | 11-'''21''' | 10-'''21''',Completed,False,2
2026,MS,2026_BWF_World_Championships_Men_s_singles.wikitext,1,Finals,4TeamBracket-Tennis3,Semi-finals,2,2,{{flagicon|CAN}} [[Victor Lai]],'''{{flagicon|FRA}} [[Alex Lanier]]''','''21'''-16 | 13-'''21''' | 14-'''21''',Completed,False,2
2026,MS,2026_BWF_World_Championships_Men_s_singles.wikitext,1,Finals,4TeamBracket-Tennis3,Final,1,1,{{flagicon|JPN}} [[Kodai Naraoka]],'''{{flagicon|FRA}} [[Alex Lanier]]''',11-'''21''' | 11-'''21''' | -,Completed,False,2
2026,MS,2026_BWF_World_Championships_Men_s_singles.wikitext,2,Top half > Section 1,16TeamBracket-Tennis3,First round,6,1,{{flagicon|CHN}} [[Shi Yuqi|Shi YQ]],'''{{flagicon|IND}} [[Ayush Shetty|A Shetty]]''',14-'''21''' | '''21'''-13 | 19-'''21''',Completed,False,2
2026,MS,2026_BWF_World_Championships_Men_s_singles.wikitext,2,Top half > Section 1,16TeamBracket-Tennis3,First round,6,2,'''{{flagicon|SRI}} [[Dumindu Abeywickrama|D Abeywickrama]]''',{{flagicon|PER}} [[Adriano Viale|A Viale]],17-'''21''' | '''21'''-15 | '''21'''-9,Completed,False,1
2026,MS,2026_BWF_World_Championships_Men_s_singles.wikitext,2,Top half > Section 1,16TeamBracket-Tennis3,First round,6,3,'''{{flagicon|INA}} [[Alwi Farhan|A Farhan]]''',{{flagicon|KOR}} [[Yoo Tae-bin|Yoo T-b]],'''21'''-17 | '''21'''-12 | -,Completed,False,1
2026,MS,2026_BWF_World_Championships_Men_s_singles.wikitext,2,Top half > Section 1,16TeamBracket-Tennis3,First round,6,4,'''{{flagicon|FIN}} [[Joakim Oldorff|J Oldorff]]''',{{flagicon|VIE}} [[Lê Đuc Phat|Lê Đ P]],19-'''21''' | '''21'''-9 | '''23'''-21,Completed,False,1
2026,MS,2026_BWF_World_Championships_Men_s_singles.wikitext,2,Top half > Section 1,16TeamBracket-Tennis3,First round,6,5,'''{{flagicon|TPE}} [[Chou Tien-chen|Chou T-c]]''',{{flagicon|PHI}} [[Clarence Villaflor|C Villaflor]],'''21'''-12 | '''21'''-12 | -,Completed,False,1
2026,MS,2026_BWF_World_Championships_Men_s_singles.wikitext,2,Top half > Section 1,16TeamBracket-Tennis3,First round,6,6,{{flagicon|BRA}} [[Donnians Oliveira|D Oliveira]],'''{{flagicon|ITA}} [[Giovanni Toti (badminton)|G Toti]]''','''21'''-19 | 14-'''21''' | 12-'''21''',Completed,False,2
2026,MS,2026_BWF_World_Championships_Men_s_singles.wikitext,2,Top half > Section 1,16TeamBracket-Tennis3,First round,6,7,{{flagicon|CHN}} [[Weng Hongyang|Weng HY]],'''{{flagicon|JPN}} [[Yushi Tanaka|Y Tanaka]]''',17-'''21''' | 14-'''21''' | -,Completed,False,2
2026,MS,2026_BWF_World_Championships_Men_s_singles.wikitext,2,Top half > Section 1,16TeamBracket-Tennis3,First round,6,8,'''{{flagicon|AZE}} [[Ade Resky Dwicahyo|A R Dwicahyo]]''',{{flagicon|SWE}} [[Gustav Björkler|G Björkler]],14-'''21''' | '''21'''-17 | '''21'''-18,Completed,False,1
2026,MS,2026_BWF_World_Championships_Men_s_singles.wikitext,2,Top half > Section 1,16TeamBracket-Tennis3,Second round,5,1,'''{{flagicon|IND}} [[Ayush Shetty|A Shetty]]''',{{flagicon|SRI}} [[Dumindu Abeywickrama|D Abeywickrama]],'''21'''-8 | '''21'''-10 | -,Completed,False,1
2026,MS,2026_BWF_World_Championships_Men_s_singles.wikitext,2,Top half > Section 1,16TeamBracket-Tennis3,Second round,5,2,'''{{flagicon|INA}} [[Alwi Farhan|A Farhan]]''',{{flagicon|FIN}} [[Joakim Oldorff|J Oldorff]],'''21'''-12 | '''21'''-9 | -,Completed,False,1
2026,MS,2026_BWF_World_Championships_Men_s_singles.wikitext,2,Top half > Section 1,16TeamBracket-Tennis3,Second round,5,3,'''{{flagicon|TPE}} [[Chou Tien-chen|Chou T-c]]''',{{flagicon|ITA}} [[Giovanni Toti (badminton)|G Toti]],'''21'''-12 | '''21'''-11 | -,Completed,False,1
2026,MS,2026_BWF_World_Championships_Men_s_singles.wikitext,2,Top half > Section 1,16TeamBracket-Tennis3,Second round,5,4,'''{{flagicon|JPN}} [[Yushi Tanaka|Y Tanaka]]''',{{flagicon|AZE}} [[Ade Resky Dwicahyo|A R Dwicahyo]],'''21'''-18 | '''21'''-14 | -,Completed,False,1
2026,MS,2026_BWF_World_Championships_Men_s_singles.wikitext,2,Top half > Section 1,16TeamBracket-Tennis3,Third round,4,1,{{flagicon|IND}} [[Ayush Shetty|A Shetty]],'''{{flagicon|INA}} [[Alwi Farhan|A Farhan]]''',19-'''21''' | 11-'''21''' | -,Completed,False,2
2026,MS,2026_BWF_World_Championships_Men_s_singles.wikitext,2,Top half > Section 1,16TeamBracket-Tennis3,Third round,4,2,'''{{flagicon|TPE}} [[Chou Tien-chen|Chou T-c]]''',{{flagicon|JPN}} [[Yushi Tanaka|Y Tanaka]],'''21'''-14 | '''21'''-9 | -,Completed,False,1
2026,MS,2026_BWF_World_Championships_Men_s_singles.wikitext,2,Top half > Section 1,16TeamBracket-Tennis3,Quarter-finals,3,1,{{flagicon|INA}} [[Alwi Farhan|A Farhan]],'''{{flagicon|TPE}} [[Chou Tien-chen|Chou T-c]]''',15-'''21''' | 15-'''21''' | -,Completed,False,2
2026,MS,2026_BWF_World_Championships_Men_s_singles.wikitext,3,Top half > Section 2,16TeamBracket-Tennis3,First round,6,1,'''{{flagicon|DEN}} [[Anders Antonsen|A Antonsen]]''',{{flagicon|AZE}} [[Dicky Dwi Pangestu|D D Pangestu]],'''21'''-19 | '''21'''-17 | -,Completed,False,1
2026,MS,2026_BWF_World_Championships_Men_s_singles.wikitext,3,Top half > Section 2,16TeamBracket-Tennis3,First round,6,2,{{flagicon|CRO}} [[Aria Dinata|A Dinata]],'''{{flagicon|IRE}} [[Nhat Nguyen|N Nguyen]]''','''21'''-19 | 17-'''21''' | 14-'''21''',Completed,False,2
2026,MS,2026_BWF_World_Championships_Men_s_singles.wikitext,3,Top half > Section 2,16TeamBracket-Tennis3,First round,6,3,'''{{flagicon|FRA}} [[Toma Junior Popov|T J Popov]]''',{{flagicon|POL}} [[Dominik Kwinta|D Kwinta]],'''21'''-19 | '''21'''-13 | -,Completed,False,1
2026,MS,2026_BWF_World_Championships_Men_s_singles.wikitext,3,Top half > Section 2,16TeamBracket-Tennis3,First round,6,4,{{flagicon|POL}} [[Mikołaj Szymanowski|M Szymanowski]],'''{{flagicon|MYA}} [[Hein Htut|H Htut]]''',10-'''21''' | 17-'''21''' | -,Completed,False,2
2026,MS,2026_BWF_World_Championships_Men_s_singles.wikitext,3,Top half > Section 2,16TeamBracket-Tennis3,First round,6,5,'''{{flagicon|CHN}} [[Li Shifeng|Li SF]]''',{{flagicon|KAZ}} [[Dmitriy Panarin|D Panarin]],'''21'''-7 | '''21'''-10 | -,Completed,False,1
2026,MS,2026_BWF_World_Championships_Men_s_singles.wikitext,3,Top half > Section 2,16TeamBracket-Tennis3,First round,6,6,{{flagicon|BRA}} [[Jonathan Matias|J Matias]],'''{{flagicon|MAS}} [[Leong Jun Hao|Leong J H]]''',19-'''21''' | 15-'''21''' | -,Completed,False,2
2026,MS,2026_BWF_World_Championships_Men_s_singles.wikitext,3,Top half > Section 2,16TeamBracket-Tennis3,First round,6,7,'''{{flagicon|JPN}} [[Kodai Naraoka|K Naraoka]]''',{{flagicon|TPE}} [[Chi Yu-jen|Chi Y-j]],'''21'''-16 | 7-'''21''' | '''21'''-12,Completed,False,1
2026,MS,2026_BWF_World_Championships_Men_s_singles.wikitext,3,Top half > Section 2,16TeamBracket-Tennis3,First round,6,8,{{flagicon|ESA}} [[Uriel Canjura|U Canjura]],'''{{flagicon|ENG}} [[Harry Huang|H Huang]]''',10-'''21''' | 8-'''21''' | -,Completed,False,2
2026,MS,2026_BWF_World_Championships_Men_s_singles.wikitext,3,Top half > Section 2,16TeamBracket-Tennis3,Second round,5,1,'''{{flagicon|DEN}} [[Anders Antonsen|A Antonsen]]''',{{flagicon|IRE}} [[Nhat Nguyen|N Nguyen]],21-'''23''' | '''21'''-19 | '''23'''-21,Completed,False,1
2026,MS,2026_BWF_World_Championships_Men_s_singles.wikitext,3,Top half > Section 2,16TeamBracket-Tennis3,Second round,5,2,'''{{flagicon|FRA}} [[Toma Junior Popov|T J Popov]]''',{{flagicon|MYA}} [[Hein Htut|H Htut]],'''21'''-13 | '''21'''-11 | -,Completed,False,1
2026,MS,2026_BWF_World_Championships_Men_s_singles.wikitext,3,Top half > Section 2,16TeamBracket-Tennis3,Second round,5,3,'''{{flagicon|CHN}} [[Li Shifeng|Li SF]]''',{{flagicon|MAS}} [[Leong Jun Hao|Leong J H]],'''21'''-19 | '''21'''-19 | -,Completed,False,1
2026,MS,2026_BWF_World_Championships_Men_s_singles.wikitext,3,Top half > Section 2,16TeamBracket-Tennis3,Second round,5,4,'''{{flagicon|JPN}} [[Kodai Naraoka|K Naraoka]]''',{{flagicon|ENG}} [[Harry Huang|H Huang]],'''21'''-16 | '''21'''-14 | -,Completed,False,1
2026,MS,2026_BWF_World_Championships_Men_s_singles.wikitext,3,Top half > Section 2,16TeamBracket-Tennis3,Third round,4,1,'''{{flagicon|DEN}} [[Anders Antonsen|A Antonsen]]''',{{flagicon|FRA}} [[Toma Junior Popov|T J Popov]],'''21'''-17 | 17-'''21''' | '''21'''-14,Completed,False,1
2026,MS,2026_BWF_World_Championships_Men_s_singles.wikitext,3,Top half > Section 2,16TeamBracket-Tennis3,Third round,4,2,{{flagicon|CHN}} [[Li Shifeng|Li SF]],'''{{flagicon|JPN}} [[Kodai Naraoka|K Naraoka]]''','''21'''-13 | 21-'''23''' | 11-'''21''',Completed,False,2
2026,MS,2026_BWF_World_Championships_Men_s_singles.wikitext,3,Top half > Section 2,16TeamBracket-Tennis3,Quarter-finals,3,1,{{flagicon|DEN}} [[Anders Antonsen|A Antonsen]],'''{{flagicon|JPN}} [[Kodai Naraoka|K Naraoka]]''',19-'''21''' | 15-'''21''' | -,Completed,False,2
2026,MS,2026_BWF_World_Championships_Men_s_singles.wikitext,4,Bottom half > Section 3,16TeamBracket-Tennis3,First round,6,1,'''{{flagicon|HKG}} [[Lee Cheuk Yiu|Lee C Y]]''',{{flagicon|VIE}} [[Nguyen Hai Đang|Nguyễn H Đ]],'''21'''-17 | '''21'''-14 | -,Completed,False,1
2026,MS,2026_BWF_World_Championships_Men_s_singles.wikitext,4,Bottom half > Section 3,16TeamBracket-Tennis3,First round,6,2,{{flagicon|CAN}} [[Brian Yang (badminton)|B Yang]],'''{{flagicon|SGP}} [[Loh Kean Yew|Loh K Y]]''',14-'''21''' | 20-'''22''' | -,Completed,False,2
2026,MS,2026_BWF_World_Championships_Men_s_singles.wikitext,4,Bottom half > Section 3,16TeamBracket-Tennis3,First round,6,3,{{flagicon|GUA}} [[Kevin Cordón|K Cordón]],'''{{flagicon|USA}} [[Mark Shelley Alcala|M S Alcala]]''',17-'''21''' | 13-'''21''' | -,Completed,False,2
2026,MS,2026_BWF_World_Championships_Men_s_singles.wikitext,4,Bottom half > Section 3,16TeamBracket-Tennis3,First round,6,4,{{flagicon|KOR}} [[Jeon Hyeok-jin|Jeon H-j]],'''{{flagicon|CAN}} [[Victor Lai|V Lai]]''',12-'''21''' | 17-'''21''' | -,Completed,False,2
2026,MS,2026_BWF_World_Championships_Men_s_singles.wikitext,4,Bottom half > Section 3,16TeamBracket-Tennis3,First round,6,5,'''{{flagicon|DEN}} [[Rasmus Gemke|R Gemke]]''',{{flagicon|BEL}} [[Julien Carraggi|J Carraggi]],'''21'''-11 | '''21'''-10 | -,Completed,False,1
2026,MS,2026_BWF_World_Championships_Men_s_singles.wikitext,4,Bottom half > Section 3,16TeamBracket-Tennis3,First round,6,6,{{flagicon|MAS}} [[Justin Hoh|J Hoh]],'''{{flagicon|TPE}} [[Lin Chun-yi (badminton)|Lin C-y]]''',18-'''21''' | 8-'''21''' | -,Completed,False,2
2026,MS,2026_BWF_World_Championships_Men_s_singles.wikitext,4,Bottom half > Section 3,16TeamBracket-Tennis3,First round,6,7,'''{{flagicon|SGP}} [[Jason Teh|J Teh]]''',{{flagicon|ITA}} [[Fabio Caponio|F Caponio]],'''21'''-13 | '''21'''-18 | -,Completed,False,1
2026,MS,2026_BWF_World_Championships_Men_s_singles.wikitext,4,Bottom half > Section 3,16TeamBracket-Tennis3,First round,6,8,{{flagicon|GER}} [[Matthias Kicklitz|M Kicklitz]],'''{{flagicon|INA}} [[Jonatan Christie|J Christie]]''',15-'''21''' | 14-'''21''' | -,Completed,False,2
2026,MS,2026_BWF_World_Championships_Men_s_singles.wikitext,4,Bottom half > Section 3,16TeamBracket-Tennis3,Second round,5,1,{{flagicon|HKG}} [[Lee Cheuk Yiu|Lee C Y]],'''{{flagicon|SGP}} [[Loh Kean Yew|Loh K Y]]''','''21'''-15 | 17-'''21''' | 15-'''21''',Completed,False,2
2026,MS,2026_BWF_World_Championships_Men_s_singles.wikitext,4,Bottom half > Section 3,16TeamBracket-Tennis3,Second round,5,2,{{flagicon|USA}} [[Mark Shelley Alcala|M S Alcala]],'''{{flagicon|CAN}} [[Victor Lai|V Lai]]''',7-'''21''' | 14-'''21''' | -,Completed,False,2
2026,MS,2026_BWF_World_Championships_Men_s_singles.wikitext,4,Bottom half > Section 3,16TeamBracket-Tennis3,Second round,5,3,'''{{flagicon|DEN}} [[Rasmus Gemke|R Gemke]]''',{{flagicon|TPE}} [[Lin Chun-yi (badminton)|Lin C-y]],13-'''21''' | '''21'''-17 | '''21'''-11,Completed,False,1
2026,MS,2026_BWF_World_Championships_Men_s_singles.wikitext,4,Bottom half > Section 3,16TeamBracket-Tennis3,Second round,5,4,{{flagicon|SGP}} [[Jason Teh|J Teh]],'''{{flagicon|INA}} [[Jonatan Christie|J Christie]]''','''21'''-19 | 19-'''21''' | 11-'''21''',Completed,False,2
2026,MS,2026_BWF_World_Championships_Men_s_singles.wikitext,4,Bottom half > Section 3,16TeamBracket-Tennis3,Third round,4,1,{{flagicon|SGP}} [[Loh Kean Yew|Loh K Y]],'''{{flagicon|CAN}} [[Victor Lai|V Lai]]''',20-'''22''' | 18-'''21''' | -,Completed,False,2
2026,MS,2026_BWF_World_Championships_Men_s_singles.wikitext,4,Bottom half > Section 3,16TeamBracket-Tennis3,Third round,4,2,'''{{flagicon|DEN}} [[Rasmus Gemke|R Gemke]]''',{{flagicon|INA}} [[Jonatan Christie|J Christie]],11-'''21''' | '''21'''-13 | '''21'''-18,Completed,False,1
2026,MS,2026_BWF_World_Championships_Men_s_singles.wikitext,4,Bottom half > Section 3,16TeamBracket-Tennis3,Quarter-finals,3,1,'''{{flagicon|CAN}} [[Victor Lai|V Lai]]''',{{flagicon|DEN}} [[Rasmus Gemke|R Gemke]],'''21'''-19 | '''21'''-18 | -,Completed,False,1
2026,MS,2026_BWF_World_Championships_Men_s_singles.wikitext,5,Bottom half > Section 4,16TeamBracket-Tennis3,First round,6,1,'''{{flagicon|THA}} [[Panitchaphon Teeraratsakul|P Teeraratsakul]]''',{{flagicon|FIN}} [[Kalle Koljonen|K Koljonen]],'''21'''-18 | '''21'''-9 | -,Completed,False,1
2026,MS,2026_BWF_World_Championships_Men_s_singles.wikitext,5,Bottom half > Section 4,16TeamBracket-Tennis3,First round,6,2,{{flagicon|ISR}} [[Misha Zilberman|M Zilberman]],'''{{flagicon|FRA}} [[Alex Lanier|A Lanier]]''',13-'''21''' | 11-'''21''' | -,Completed,False,2
2026,MS,2026_BWF_World_Championships_Men_s_singles.wikitext,5,Bottom half > Section 4,16TeamBracket-Tennis3,First round,6,3,{{flagicon|NZL}} [[Edward Lau|E Lau]],'''{{flagicon|HKG}} [[Ng Ka Long|Ng K L]]''',13-'''21''' | 15-'''21''' | -,Completed,False,2
2026,MS,2026_BWF_World_Championships_Men_s_singles.wikitext,5,Bottom half > Section 4,16TeamBracket-Tennis3,First round,6,4,'''{{flagicon|JPN}} [[Kenta Nishimoto|K Nishimoto]]''',{{flagicon|FRA}} [[Christo Popov|C Popov]],'''21'''-17 | '''21'''-19 | -,Completed,False,1
2026,MS,2026_BWF_World_Championships_Men_s_singles.wikitext,5,Bottom half > Section 4,16TeamBracket-Tennis3,First round,6,5,{{flagicon|SWI}} [[Tobias Künzi|T Künzi]],'''{{flagicon|USA}} [[Garret Tan|G Tan]]''',4-'''21''' | 15-'''21''' | -,Completed,False,2
2026,MS,2026_BWF_World_Championships_Men_s_singles.wikitext,5,Bottom half > Section 4,16TeamBracket-Tennis3,First round,6,6,{{flagicon|AUT}} [[Collins Valentine Filimon|C V Filimon]],'''{{flagicon|IND}} [[Lakshya Sen|L Sen]]''','''21'''-16 | 8-'''21''' | 4-'''21''',Completed,False,2
2026,MS,2026_BWF_World_Championships_Men_s_singles.wikitext,5,Bottom half > Section 4,16TeamBracket-Tennis3,First round,6,7,{{flagicon|EGY}} [[Adham Hatem Elgamal|A H Elgamal]],'''{{flagicon|ISR}} [[Daniil Dubovenko|D Dubovenko]]''',10-'''21''' | 8-'''21''' | -,Completed,False,2
2026,MS,2026_BWF_World_Championships_Men_s_singles.wikitext,5,Bottom half > Section 4,16TeamBracket-Tennis3,First round,6,8,{{flagicon|SRI}} [[Viren Nettasinghe|V Nettasinghe]],'''{{flagicon|THA}} [[Kunlavut Vitidsarn|K Vitidsarn]]''',11-'''21''' | 6-'''21''' | -,Completed,False,2
2026,MS,2026_BWF_World_Championships_Men_s_singles.wikitext,5,Bottom half > Section 4,16TeamBracket-Tennis3,Second round,5,1,{{flagicon|THA}} [[Panitchaphon Teeraratsakul|P Teeraratsakul]],'''{{flagicon|FRA}} [[Alex Lanier|A Lanier]]''',12-'''21''' | 13-'''21''' | -,Completed,False,2
2026,MS,2026_BWF_World_Championships_Men_s_singles.wikitext,5,Bottom half > Section 4,16TeamBracket-Tennis3,Second round,5,2,'''{{flagicon|HKG}} [[Ng Ka Long|Ng K L]]''',{{flagicon|JPN}} [[Kenta Nishimoto|K Nishimoto]],17-'''21''' | '''21'''-16 | '''21'''-18,Completed,False,1
2026,MS,2026_BWF_World_Championships_Men_s_singles.wikitext,5,Bottom half > Section 4,16TeamBracket-Tennis3,Second round,5,3,'''{{flagicon|USA}} [[Garret Tan|G Tan]]''',{{flagicon|IND}} [[Lakshya Sen|L Sen]],19-'''21''' | '''21'''-19 | '''21'''-17,Completed,False,1
2026,MS,2026_BWF_World_Championships_Men_s_singles.wikitext,5,Bottom half > Section 4,16TeamBracket-Tennis3,Second round,5,4,{{flagicon|ISR}} [[Daniil Dubovenko|D Dubovenko]],'''{{flagicon|THA}} [[Kunlavut Vitidsarn|K Vitidsarn]]''',17-'''21''' | 19-'''21''' | -,Completed,False,2
2026,MS,2026_BWF_World_Championships_Men_s_singles.wikitext,5,Bottom half > Section 4,16TeamBracket-Tennis3,Third round,4,1,'''{{flagicon|FRA}} [[Alex Lanier|A Lanier]]''',{{flagicon|HKG}} [[Ng Ka Long|Ng K L]],'''21'''-17 | '''21'''-12 | -,Completed,False,1
2026,MS,2026_BWF_World_Championships_Men_s_singles.wikitext,5,Bottom half > Section 4,16TeamBracket-Tennis3,Third round,4,2,{{flagicon|USA}} [[Garret Tan|G Tan]],'''{{flagicon|THA}} [[Kunlavut Vitidsarn|K Vitidsarn]]''',10-'''21''' | 10-'''21''' | -,Completed,False,2
2026,MS,2026_BWF_World_Championships_Men_s_singles.wikitext,5,Bottom half > Section 4,16TeamBracket-Tennis3,Quarter-finals,3,1,'''{{flagicon|FRA}} [[Alex Lanier|A Lanier]]''',{{flagicon|THA}} [[Kunlavut Vitidsarn|K Vitidsarn]],19-'''21''' | '''21'''-16 | '''21'''-16,Completed,False,1
2026,XD,2026_BWF_World_Championships_Mixed_doubles.wikitext,1,Finals,4TeamBracket-Tennis3,Semi-finals,2,1,'''{{flagicon|CHN}} [[Feng Yanzhe]] <br/>{{flagicon|CHN}} [[Huang Dongping]]''',{{flagicon|INA}} [[Amri Syahnawi]]<br/>{{flagicon|INA}} [[Nita Violina Marwah]],20-'''22''' | '''21'''-14 | '''22'''-20,Completed,False,1
2026,XD,2026_BWF_World_Championships_Mixed_doubles.wikitext,1,Finals,4TeamBracket-Tennis3,Semi-finals,2,2,'''{{flagicon|FRA}} [[Thom Gicquel]]<br/>{{flagicon|FRA}} [[Delphine Delrue]]''',{{flagicon|CHN}} [[Jiang Zhenbang]] <br/>{{flagicon|CHN}} [[Wei Yaxin]],19-'''21''' | '''21'''-13 | '''21'''-11,Completed,False,1
2026,XD,2026_BWF_World_Championships_Mixed_doubles.wikitext,1,Finals,4TeamBracket-Tennis3,Final,1,1,{{flagicon|CHN}} [[Feng Yanzhe]] <br/>{{flagicon|CHN}} [[Huang Dongping]],'''{{flagicon|FRA}} [[Thom Gicquel]]<br/>{{flagicon|FRA}} [[Delphine Delrue]]''',20-'''22''' | '''21'''-19 | 15-'''21''',Completed,False,2
2026,XD,2026_BWF_World_Championships_Mixed_doubles.wikitext,2,Top half > Section 1,16TeamBracket-Tennis3-Byes,First round,6,2,'''{{flagicon|CAN}} [[Jonathan Lai|J Lai]]<br/>{{flagicon|CAN}} [[Crystal Lai|C Lai]]''',{{flagicon|IND}} [[Rohan Kapoor (badminton)|R Kapoor]]<br/>{{flagicon|IND}} [[Ruthvika Gadde|R Gadde]],20-'''22''' | '''21'''-19 | '''21'''-17,Completed,False,1
2026,XD,2026_BWF_World_Championships_Mixed_doubles.wikitext,2,Top half > Section 1,16TeamBracket-Tennis3-Byes,First round,6,4,'''{{flagicon|HKG}} [[Chan Yin Chak|Chan Y C]]<br/>{{flagicon|HKG}} [[Ng Tsz Yau|Ng T Y]]''',{{flagicon|GER}} [[Marvin Seidel|M Seidel]]<br/>{{flagicon|GER}} [[Thuc Phuong Nguyen|T P Nguyen]],'''22'''-20 | '''21'''-11 | -,Completed,False,1
2026,XD,2026_BWF_World_Championships_Mixed_doubles.wikitext,2,Top half > Section 1,16TeamBracket-Tennis3-Byes,First round,6,6,{{flagicon|CZE}} [[Ondřej Král|O Král]]<br/>{{flagicon|CZE}} [[Tereza Švábíková|T Švábíková]],'''{{flagicon|ENG}} [[Callum Hemming|C Hemming]]<br/>{{flagicon|ENG}} [[Estelle van Leeuwen|E van Leeuwen]]''',17-'''21''' | 16-'''21''' | -,Completed,False,2
2026,XD,2026_BWF_World_Championships_Mixed_doubles.wikitext,2,Top half > Section 1,16TeamBracket-Tennis3-Byes,First round,6,8,{{flagicon|KOR}} [[Kim Jae-hyeon|Kim J-h]]<br/>{{flagicon|KOR}} [[Jang Ha-jeong|Jang H-j]],'''{{flagicon|USA}} [[Chen Zhi-yi|Chen Z-y]]<br/>{{flagicon|USA}} [[Francesca Corbett|F Corbett]]''','''21'''-14 | 16-'''21''' | 18-'''21''',Completed,False,2
2026,XD,2026_BWF_World_Championships_Mixed_doubles.wikitext,2,Top half > Section 1,16TeamBracket-Tennis3-Byes,Second round,5,1,'''{{flagicon|CHN}} [[Feng Yanzhe|Feng YZ]] <br/>{{flagicon|CHN}} [[Huang Dongping|Huang DP]]''',{{flagicon|CAN}} [[Jonathan Lai|J Lai]]<br/>{{flagicon|CAN}} [[Crystal Lai|C Lai]],'''21'''-13 | '''21'''-8 | -,Completed,False,1
2026,XD,2026_BWF_World_Championships_Mixed_doubles.wikitext,2,Top half > Section 1,16TeamBracket-Tennis3-Byes,Second round,5,2,'''{{flagicon|JPN}} [[Yuta Watanabe (badminton)|Y Watanabe]]<br/>{{flagicon|JPN}} [[Maya Taguchi|M Taguchi]]''',{{flagicon|HKG}} [[Chan Yin Chak|Chan Y C]]<br/>{{flagicon|HKG}} [[Ng Tsz Yau|Ng T Y]],'''21'''-14 | '''21'''-13 | -,Completed,False,1
2026,XD,2026_BWF_World_Championships_Mixed_doubles.wikitext,2,Top half > Section 1,16TeamBracket-Tennis3-Byes,Second round,5,3,'''{{flagicon|CHN}} [[Cheng Xing|Cheng X]]<br/>{{flagicon|CHN}} [[Zhang Chi (badminton)|Zhang C]]''',{{flagicon|ENG}} [[Callum Hemming|C Hemming]]<br/>{{flagicon|ENG}} [[Estelle van Leeuwen|E van Leeuwen]],'''21'''-16 | '''21'''-13 | -,Completed,False,1
2026,XD,2026_BWF_World_Championships_Mixed_doubles.wikitext,2,Top half > Section 1,16TeamBracket-Tennis3-Byes,Second round,5,4,'''{{flagicon|MAS}} [[Goh Soon Huat|Goh S H]]<br/>{{flagicon|MAS}} [[Shevon Jemie Lai|S J Lai]]''',{{flagicon|USA}} [[Chen Zhi-yi|Chen Z-y]]<br/>{{flagicon|USA}} [[Francesca Corbett|F Corbett]],'''21'''-15 | '''21'''-16 | -,Completed,False,1
2026,XD,2026_BWF_World_Championships_Mixed_doubles.wikitext,2,Top half > Section 1,16TeamBracket-Tennis3-Byes,Third round,4,1,'''{{flagicon|CHN}} [[Feng Yanzhe|Feng YZ]] <br/>{{flagicon|CHN}} [[Huang Dongping|Huang DP]]''',{{flagicon|JPN}} [[Yuta Watanabe (badminton)|Y Watanabe]]<br/>{{flagicon|JPN}} [[Maya Taguchi|M Taguchi]],'''21'''-19 | '''21'''-18 | -,Completed,False,1
2026,XD,2026_BWF_World_Championships_Mixed_doubles.wikitext,2,Top half > Section 1,16TeamBracket-Tennis3-Byes,Third round,4,2,'''{{flagicon|CHN}} [[Cheng Xing|Cheng X]]<br/>{{flagicon|CHN}} [[Zhang Chi (badminton)|Zhang C]]''',{{flagicon|MAS}} [[Goh Soon Huat|Goh S H]]<br/>{{flagicon|MAS}} [[Shevon Jemie Lai|S J Lai]],'''21'''-15 | '''21'''-12 | -,Completed,False,1
2026,XD,2026_BWF_World_Championships_Mixed_doubles.wikitext,2,Top half > Section 1,16TeamBracket-Tennis3-Byes,Quarter-finals,3,1,'''{{flagicon|CHN}} [[Feng Yanzhe|Feng YZ]] <br/>{{flagicon|CHN}} [[Huang Dongping|Huang DP]]''',{{flagicon|CHN}} [[Cheng Xing|Cheng X]]<br/>{{flagicon|CHN}} [[Zhang Chi (badminton)|Zhang C]],18-'''21''' | '''21'''-10 | '''21'''-15,Completed,False,1
2026,XD,2026_BWF_World_Championships_Mixed_doubles.wikitext,3,Top half > Section 2,16TeamBracket-Tennis3-Byes,First round,6,2,'''{{flagicon|INA}} [[Marwan Faza|M Faza]]<br/>{{flagicon|INA}} [[Aisyah Pranata|A Pranata]]''',{{flagicon|SRB}} [[Mihajlo Tomić|M Tomić]]<br/>{{flagicon|SRB}} [[Andjela Vitman|A Vitman]],'''21'''-16 | '''21'''-14 | -,Completed,False,1
2026,XD,2026_BWF_World_Championships_Mixed_doubles.wikitext,3,Top half > Section 2,16TeamBracket-Tennis3-Byes,First round,6,4,{{flagicon|BRA}} [[Davi Silva|D Silva]]<br/>{{flagicon|BRA}} [[Sânia Lima|S Lima]],'''{{flagicon|ENG}} [[Samuel Jones (badminton)|S Jones]]<br/>{{flagicon|ENG}} [[Lizzie Tolman|L Tolman]]''',16-'''21''' | '''24'''-22 | 15-'''21''',Completed,False,2
2026,XD,2026_BWF_World_Championships_Mixed_doubles.wikitext,3,Top half > Section 2,16TeamBracket-Tennis3-Byes,First round,6,6,{{flagicon|MAS}} [[Wong Tien Ci|Wong T C]]<br/>{{flagicon|MAS}} [[Lim Chiew Sien|Lim C S]],'''{{flagicon|INA}} [[Rehan Naufal Kusharjanto|R N Kusharjanto]]<br/>{{flagicon|INA}} [[Gloria Emanuelle Widjaja|G E Widjaja]]''',16-'''21''' | 3-'''21''' | -,Completed,False,2
2026,XD,2026_BWF_World_Championships_Mixed_doubles.wikitext,3,Top half > Section 2,16TeamBracket-Tennis3-Byes,First round,6,8,{{flagicon|IND}} [[Ashith Surya|A Surya]]<br/>{{flagicon|IND}} [[Amrutha Pramuthesh|A Pramuthesh]],'''{{flagicon|TUR}} [[Emre Sönmez|E Sönmez]]<br/>{{flagicon|TUR}} [[Yasemin Bektaş|Y Bektaş]]''','''21'''-16 | 29-'''30''' | 22-'''24''',Completed,False,2
2026,XD,2026_BWF_World_Championships_Mixed_doubles.wikitext,3,Top half > Section 2,16TeamBracket-Tennis3-Byes,Second round,5,1,'''{{flagicon|DEN}} [[Mathias Christiansen|M Christiansen]]<br/>{{flagicon|DEN}} [[Alexandra Bøje|A Bøje]]''',{{flagicon|INA}} [[Marwan Faza|M Faza]]<br/>{{flagicon|INA}} [[Aisyah Pranata|A Pranata]],19-'''21''' | '''21'''-9 | '''21'''-10,Completed,False,1
2026,XD,2026_BWF_World_Championships_Mixed_doubles.wikitext,3,Top half > Section 2,16TeamBracket-Tennis3-Byes,Second round,5,2,'''{{flagicon|TPE}} [[Yang Po-hsuan|Yang P-h]]<br/>{{flagicon|TPE}} [[Hu Ling-fang|Hu L-f]]''',{{flagicon|ENG}} [[Samuel Jones (badminton)|S Jones]]<br/>{{flagicon|ENG}} [[Lizzie Tolman|L Tolman]],'''21'''-14 | '''29'''-27 | -,Completed,False,1
2026,XD,2026_BWF_World_Championships_Mixed_doubles.wikitext,3,Top half > Section 2,16TeamBracket-Tennis3-Byes,Second round,5,3,'''{{flagicon|TPE}} [[Ye Hong-wei|Ye H-w]]<br/>{{flagicon|TPE}} [[Nicole Gonzales Chan|N G Chan]]''',{{flagicon|INA}} [[Rehan Naufal Kusharjanto|R N Kusharjanto]]<br/>{{flagicon|INA}} [[Gloria Emanuelle Widjaja|G E Widjaja]],9-'''21''' | '''21'''-18 | '''21'''-19,Completed,False,1
2026,XD,2026_BWF_World_Championships_Mixed_doubles.wikitext,3,Top half > Section 2,16TeamBracket-Tennis3-Byes,Second round,5,4,'''{{flagicon|INA}} [[Amri Syahnawi|A Syahnawi]]<br/>{{flagicon|INA}} [[Nita Violina Marwah|N V Marwah]]''',{{flagicon|TUR}} [[Emre Sönmez|E Sönmez]]<br/>{{flagicon|TUR}} [[Yasemin Bektaş|Y Bektaş]],'''21'''-14 | '''21'''-10 | -,Completed,False,1
2026,XD,2026_BWF_World_Championships_Mixed_doubles.wikitext,3,Top half > Section 2,16TeamBracket-Tennis3-Byes,Third round,4,1,{{flagicon|DEN}} [[Mathias Christiansen|M Christiansen]]<br/>{{flagicon|DEN}} [[Alexandra Bøje|A Bøje]],'''{{flagicon|TPE}} [[Yang Po-hsuan|Yang P-h]]<br/>{{flagicon|TPE}} [[Hu Ling-fang|Hu L-f]]''',13-'''21''' | '''21'''-9 | 14-'''21''',Completed,False,2
2026,XD,2026_BWF_World_Championships_Mixed_doubles.wikitext,3,Top half > Section 2,16TeamBracket-Tennis3-Byes,Third round,4,2,{{flagicon|TPE}} [[Ye Hong-wei|Ye H-w]]<br/>{{flagicon|TPE}} [[Nicole Gonzales Chan|N G Chan]],'''{{flagicon|INA}} [[Amri Syahnawi|A Syahnawi]]<br/>{{flagicon|INA}} [[Nita Violina Marwah|N V Marwah]]''',5-'''21''' | 18-'''21''' | -,Completed,False,2
2026,XD,2026_BWF_World_Championships_Mixed_doubles.wikitext,3,Top half > Section 2,16TeamBracket-Tennis3-Byes,Quarter-finals,3,1,{{flagicon|TPE}} [[Yang Po-hsuan|Yang P-h]]<br/>{{flagicon|TPE}} [[Hu Ling-fang|Hu L-f]],'''{{flagicon|INA}} [[Amri Syahnawi|A Syahnawi]]<br/>{{flagicon|INA}} [[Nita Violina Marwah|N V Marwah]]''',18-'''21''' | 9-'''21''' | -,Completed,False,2
2026,XD,2026_BWF_World_Championships_Mixed_doubles.wikitext,4,Bottom half > Section 3,16TeamBracket-Tennis3-Byes,First round,6,1,'''{{flagicon|BRA}} [[Fabrício Farias|F Farias]]<br/>{{flagicon|BRA}} [[Jaqueline Lima|J Lima]]''',{{flagicon|GER}} [[Simon Krax|S Krax]]<br/>{{flagicon|GER}} [[Amelie Lehmann|A Lehmann]],'''21'''-14 | 19-'''21''' | '''21'''-14,Completed,False,1
2026,XD,2026_BWF_World_Championships_Mixed_doubles.wikitext,4,Bottom half > Section 3,16TeamBracket-Tennis3-Byes,First round,6,3,{{flagicon|SWE}} [[Filip Karlborg|F Karlborg]]<br/>{{flagicon|SWE}} [[Tilda Sjöö|T Sjöö]],'''{{flagicon|DEN}} [[Kristoffer Kolding|K Kolding]]<br/>{{flagicon|DEN}} [[Mette Werge|M Werge]]''',19-'''21''' | 16-'''21''' | -,Completed,False,2
2026,XD,2026_BWF_World_Championships_Mixed_doubles.wikitext,4,Bottom half > Section 3,16TeamBracket-Tennis3-Byes,First round,6,5,{{flagicon|FRA}} [[Julien Maio|J Maio]]<br/>{{flagicon|FRA}} [[Léa Palermo|L Palermo]],'''{{flagicon|INA}} [[Bimo Prasetyo|B Prasetyo]]<br/>{{flagicon|INA}} [[Thesya Munggaran|T Munggaran]]''',12-'''21''' | '''21'''-13 | 20-'''22''',Completed,False,2
2026,XD,2026_BWF_World_Championships_Mixed_doubles.wikitext,4,Bottom half > Section 3,16TeamBracket-Tennis3-Byes,First round,6,7,{{flagicon|TPE}} [[Wu Guan-xun|Wu G-x]]<br/>{{flagicon|TPE}} [[Lee Chia-hsin|Lee C-h]],'''{{flagicon|ESP}} [[Rubén García (badminton)|R García]]<br/>{{flagicon|ESP}} [[Lucía Rodríguez (badminton)|L Rodríguez]]''',13-'''21''' | 16-'''21''' | -,Completed,False,2
2026,XD,2026_BWF_World_Championships_Mixed_doubles.wikitext,4,Bottom half > Section 3,16TeamBracket-Tennis3-Byes,Second round,5,1,{{flagicon|BRA}} [[Fabrício Farias|F Farias]]<br/>{{flagicon|BRA}} [[Jaqueline Lima|J Lima]],'''{{flagicon|USA}} [[Presley Smith|P Smith]]<br/>{{flagicon|USA}} [[Jennie Gai|J Gai]]''',10-'''21''' | 3-'''21''' | -,Completed,False,2
2026,XD,2026_BWF_World_Championships_Mixed_doubles.wikitext,4,Bottom half > Section 3,16TeamBracket-Tennis3-Byes,Second round,5,2,{{flagicon|DEN}} [[Kristoffer Kolding|K Kolding]]<br/>{{flagicon|DEN}} [[Mette Werge|M Werge]],'''{{flagicon|FRA}} [[Thom Gicquel|T Gicquel]]<br/>{{flagicon|FRA}} [[Delphine Delrue|D Delrue]]''',16-'''21''' | 12-'''21''' | -,Completed,False,2
2026,XD,2026_BWF_World_Championships_Mixed_doubles.wikitext,4,Bottom half > Section 3,16TeamBracket-Tennis3-Byes,Second round,5,3,{{flagicon|INA}} [[Bimo Prasetyo|B Prasetyo]]<br/>{{flagicon|INA}} [[Thesya Munggaran|T Munggaran]],'''{{flagicon|JPN}} [[Yuichi Shimogami|Y Shimogami]]<br/>{{flagicon|JPN}} [[Sayaka Hobara|S Hobara]]''',13-'''21''' | 16-'''21''' | -,Completed,False,2
2026,XD,2026_BWF_World_Championships_Mixed_doubles.wikitext,4,Bottom half > Section 3,16TeamBracket-Tennis3-Byes,Second round,5,4,{{flagicon|ESP}} [[Rubén García (badminton)|R García]]<br/>{{flagicon|ESP}} [[Lucía Rodríguez (badminton)|L Rodríguez]],'''{{flagicon|THA}} [[Dechapol Puavaranukroh|D Puavaranukroh]]<br/>{{flagicon|THA}} [[Supissara Paewsampran|S Paewsampran]]''','''21'''-14 | 11-'''21''' | 15-'''21''',Completed,False,2
2026,XD,2026_BWF_World_Championships_Mixed_doubles.wikitext,4,Bottom half > Section 3,16TeamBracket-Tennis3-Byes,Third round,4,1,{{flagicon|USA}} [[Presley Smith|P Smith]]<br/>{{flagicon|USA}} [[Jennie Gai|J Gai]],'''{{flagicon|FRA}} [[Thom Gicquel|T Gicquel]]<br/>{{flagicon|FRA}} [[Delphine Delrue|D Delrue]]''',22-'''24''' | 16-'''21''' | -,Completed,False,2
2026,XD,2026_BWF_World_Championships_Mixed_doubles.wikitext,4,Bottom half > Section 3,16TeamBracket-Tennis3-Byes,Third round,4,2,{{flagicon|JPN}} [[Yuichi Shimogami|Y Shimogami]]<br/>{{flagicon|JPN}} [[Sayaka Hobara|S Hobara]],'''{{flagicon|THA}} [[Dechapol Puavaranukroh|D Puavaranukroh]]<br/>{{flagicon|THA}} [[Supissara Paewsampran|S Paewsampran]]''','''21'''-17 | 12-'''21''' | 17-'''21''',Completed,False,2
2026,XD,2026_BWF_World_Championships_Mixed_doubles.wikitext,4,Bottom half > Section 3,16TeamBracket-Tennis3-Byes,Quarter-finals,3,1,'''{{flagicon|FRA}} [[Thom Gicquel|T Gicquel]]<br/>{{flagicon|FRA}} [[Delphine Delrue|D Delrue]]''',{{flagicon|THA}} [[Dechapol Puavaranukroh|D Puavaranukroh]]<br/>{{flagicon|THA}} [[Supissara Paewsampran|S Paewsampran]],w- | /- | o-,Walkover,False,1
2026,XD,2026_BWF_World_Championships_Mixed_doubles.wikitext,5,Bottom half > Section 4,16TeamBracket-Tennis3-Byes,First round,6,1,'''{{flagicon|MAC}} [[Leong Iok Chong|Leong I C]]<br/>{{flagicon|MAC}} [[Ng Weng Chi|Ng W C]]''',{{flagicon|NED}} [[Brian Wassink|B Wassink]]<br/>{{flagicon|NED}} [[Debora Jille|D Jille]],'''21'''-15 | '''21'''-18 | -,Completed,False,1
2026,XD,2026_BWF_World_Championships_Mixed_doubles.wikitext,5,Bottom half > Section 4,16TeamBracket-Tennis3-Byes,First round,6,3,{{flagicon|CAN}} [[Timothy Lock|T Lock]]<br/>{{flagicon|CAN}} [[Chloe Hoang|C Hoang]],'''{{flagicon|NED}} [[Andy Buijk|A Buijk]]<br/>{{flagicon|NED}} [[Meerte Loos|M Loos]]''',19-'''21''' | 14-'''21''' | -,Completed,False,2
2026,XD,2026_BWF_World_Championships_Mixed_doubles.wikitext,5,Bottom half > Section 4,16TeamBracket-Tennis3-Byes,First round,6,5,'''{{flagicon|SCO}} [[Alexander Dunn (badminton)|A Dunn]]<br/>{{flagicon|SCO}} [[Julie MacPherson|J MacPherson]]''',{{flagicon|NZL}} [[Edward Lau|E Lau]]<br/>{{flagicon|NZL}} [[Shaunna Li|S Li]],'''21'''-14 | '''21'''-18 | -,Completed,False,1
2026,XD,2026_BWF_World_Championships_Mixed_doubles.wikitext,5,Bottom half > Section 4,16TeamBracket-Tennis3-Byes,First round,6,7,'''{{flagicon|SUI}} [[Nicolas Franconville|N Franconville]]<br/>{{flagicon|SUI}} [[Julie Franconville|J Franconville]]''',{{flagicon|BUL}} [[Evgeni Panev|E Panev]]<br/>{{flagicon|BUL}} [[Gabriela Stoeva|G Stoeva]],'''21'''-19 | 16-'''21''' | '''21'''-19,Completed,False,1
2026,XD,2026_BWF_World_Championships_Mixed_doubles.wikitext,5,Bottom half > Section 4,16TeamBracket-Tennis3-Byes,Second round,5,1,{{flagicon|MAC}} [[Leong Iok Chong|Leong I C]]<br/>{{flagicon|MAC}} [[Ng Weng Chi|Ng W C]],'''{{flagicon|IND}} [[Dhruv Kapila|D Kapila]]<br/>{{flagicon|IND}} [[Tanisha Crasto|T Crasto]]''',11-'''21''' | 11-'''21''' | -,Completed,False,2
2026,XD,2026_BWF_World_Championships_Mixed_doubles.wikitext,5,Bottom half > Section 4,16TeamBracket-Tennis3-Byes,Second round,5,2,{{flagicon|NED}} [[Andy Buijk|A Buijk]]<br/>{{flagicon|NED}} [[Meerte Loos|M Loos]],'''{{flagicon|CHN}} [[Guo Xinwa|Guo XW]]<br/>{{flagicon|CHN}} [[Chen Fanghui|Chen FH]]''',5-'''21''' | 9-'''21''' | -,Completed,False,2
2026,XD,2026_BWF_World_Championships_Mixed_doubles.wikitext,5,Bottom half > Section 4,16TeamBracket-Tennis3-Byes,Second round,5,3,{{flagicon|SCO}} [[Alexander Dunn (badminton)|A Dunn]]<br/>{{flagicon|SCO}} [[Julie MacPherson|J MacPherson]],'''{{flagicon|THA}} [[Pakkapon Teeraratsakul|Pak Teeraratsakul]]<br/>{{flagicon|THA}} [[Sapsiree Taerattanachai|S Taerattanachai]]''',8<sup>r</sup>-18 | - | -,Retired,False,2
2026,XD,2026_BWF_World_Championships_Mixed_doubles.wikitext,5,Bottom half > Section 4,16TeamBracket-Tennis3-Byes,Second round,5,4,{{flagicon|SUI}} [[Nicolas Franconville|N Franconville]]<br/>{{flagicon|SUI}} [[Julie Franconville|J Franconville]],'''{{flagicon|CHN}} [[Jiang Zhenbang|Jiang ZB]] <br/>{{flagicon|CHN}} [[Wei Yaxin|Wei YX]]''',7-'''21''' | 11-'''21''' | -,Completed,False,2
2026,XD,2026_BWF_World_Championships_Mixed_doubles.wikitext,5,Bottom half > Section 4,16TeamBracket-Tennis3-Byes,Third round,4,1,{{flagicon|IND}} [[Dhruv Kapila|D Kapila]]<br/>{{flagicon|IND}} [[Tanisha Crasto|T Crasto]],'''{{flagicon|CHN}} [[Guo Xinwa|Guo XW]]<br/>{{flagicon|CHN}} [[Chen Fanghui|Chen FH]]''',16-'''21''' | 5-'''21''' | -,Completed,False,2
2026,XD,2026_BWF_World_Championships_Mixed_doubles.wikitext,5,Bottom half > Section 4,16TeamBracket-Tennis3-Byes,Third round,4,2,{{flagicon|THA}} [[Pakkapon Teeraratsakul|Pak Teeraratsakul]]<br/>{{flagicon|THA}} [[Sapsiree Taerattanachai|S Taerattanachai]],'''{{flagicon|CHN}} [[Jiang Zhenbang|Jiang ZB]] <br/>{{flagicon|CHN}} [[Wei Yaxin|Wei YX]]''',12-'''21''' | 17-'''21''' | -,Completed,False,2
2026,XD,2026_BWF_World_Championships_Mixed_doubles.wikitext,5,Bottom half > Section 4,16TeamBracket-Tennis3-Byes,Quarter-finals,3,1,{{flagicon|CHN}} [[Guo Xinwa|Guo XW]]<br/>{{flagicon|CHN}} [[Chen Fanghui|Chen FH]],'''{{flagicon|CHN}} [[Jiang Zhenbang|Jiang ZB]] <br/>{{flagicon|CHN}} [[Wei Yaxin|Wei YX]]''',13-'''21''' | 17-'''21''' | -,Completed,False,2
2026,WD,2026_BWF_World_Championships_Women_s_doubles.wikitext,1,Finals,4TeamBracket-Tennis3,Semi-finals,2,1,'''{{flagicon|CHN}} [[Liu Shengshu]]<br/>{{flagicon|CHN}} [[Tan Ning (badminton)|Tan Ning]]''',{{flagicon|IND}} [[Treesa Jolly]]<br/>{{flagicon|IND}} [[Gayatri Gopichand]],18-'''21''' | '''21'''-13 | '''21'''-8,Completed,False,1
2026,WD,2026_BWF_World_Championships_Women_s_doubles.wikitext,1,Finals,4TeamBracket-Tennis3,Semi-finals,2,2,'''{{flagicon|KOR}} [[Baek Ha-na]]<br/>{{flagicon|KOR}} [[Lee So-hee]]''',{{flagicon|CHN}} [[Li Yijing]]<br/>{{flagicon|CHN}} [[Luo Xumin]],'''21'''-17 | '''21'''-12 | -,Completed,False,1
2026,WD,2026_BWF_World_Championships_Women_s_doubles.wikitext,1,Finals,4TeamBracket-Tennis3,Final,1,1,{{flagicon|CHN}} [[Liu Shengshu]]<br/>{{flagicon|CHN}} [[Tan Ning (badminton)|Tan Ning]],'''{{flagicon|KOR}} [[Baek Ha-na]]<br/>{{flagicon|KOR}} [[Lee So-hee]]''',15-'''21''' | 15-'''21''' | -,Completed,False,2
2026,WD,2026_BWF_World_Championships_Women_s_doubles.wikitext,2,Top half > Section 1,16TeamBracket-Tennis3-Byes,First round,6,2,'''{{flagicon|VIE}} [[Phạm Thị Diệu Ly|Phạm T D L]]<br/>{{flagicon|VIE}} [[Phạm Thị Khánh|Phạm T K]]''',{{flagicon|CAN}} [[Eyota Kwan|E Kwan]]<br/>{{flagicon|CAN}} [[Johnna Rymes|J Rymes]],'''21'''-15 | 10-'''21''' | '''21'''-6,Completed,False,1
2026,WD,2026_BWF_World_Championships_Women_s_doubles.wikitext,2,Top half > Section 1,16TeamBracket-Tennis3-Byes,First round,6,4,{{flagicon|ESP}} [[Nikol Carulla|N Carulla]]<br/>{{flagicon|ESP}} [[Carmen María Jiménez|C M Jiménez]],'''{{flagicon|IND}} [[Kavipriya Selvam|K Selvam]]<br/>{{flagicon|IND}} [[Simran Singhi|S Singhi]]''',20-'''22''' | 14-'''21''' | -,Completed,False,2
2026,WD,2026_BWF_World_Championships_Women_s_doubles.wikitext,2,Top half > Section 1,16TeamBracket-Tennis3-Byes,First round,6,6,'''{{flagicon|TPE}} [[Chang Ching-hui (badminton)|Chang C-h]]<br/>{{flagicon|TPE}} [[Yang Ching-tun|Yang C-t]]''',{{flagicon|BRA}} [[Jaqueline Lima|J Lima]]<br/>{{flagicon|BRA}} [[Sâmia Lima|S Lima]],'''21'''-6 | '''21'''-15 | -,Completed,False,1
2026,WD,2026_BWF_World_Championships_Women_s_doubles.wikitext,2,Top half > Section 1,16TeamBracket-Tennis3-Byes,First round,6,8,'''{{flagicon|USA}} [[Francesca Corbett|F Corbett]]<br/>{{flagicon|USA}} [[Jennie Gai|J Gai]]''',{{flagicon|AUS}} [[Jazmine Lam|J Lam]]<br/>{{flagicon|AUS}} [[Lim Yee Yuan|Lim Y Y]],'''21'''-6 | '''21'''-13 | -,Completed,False,1
2026,WD,2026_BWF_World_Championships_Women_s_doubles.wikitext,2,Top half > Section 1,16TeamBracket-Tennis3-Byes,Second round,5,1,'''{{flagicon|CHN}} [[Liu Shengshu|Liu SS]] <br/>{{flagicon|CHN}} [[Tan Ning (badminton)|Tan N]]''',{{flagicon|VIE}} [[Phạm Thị Diệu Ly|Phạm T D L]]<br/>{{flagicon|VIE}} [[Phạm Thị Khánh|Phạm T K]],'''21'''-10 | '''21'''-11 | -,Completed,False,1
2026,WD,2026_BWF_World_Championships_Women_s_doubles.wikitext,2,Top half > Section 1,16TeamBracket-Tennis3-Byes,Second round,5,2,'''{{flagicon|BUL}} [[Gabriela Stoeva|G Stoeva]]<br/>{{flagicon|BUL}} [[Stefani Stoeva|S Stoeva]]''',{{flagicon|IND}} [[Kavipriya Selvam|K Selvam]]<br/>{{flagicon|IND}} [[Simran Singhi|S Singhi]],'''21'''-7 | '''21'''-14 | -,Completed,False,1
2026,WD,2026_BWF_World_Championships_Women_s_doubles.wikitext,2,Top half > Section 1,16TeamBracket-Tennis3-Byes,Second round,5,3,'''{{flagicon|TPE}} [[Hsu Yin-hui|Hsu Y-h]]<br/>{{flagicon|TPE}} [[Lin Jhih-yun|Lin J-y]]''',{{flagicon|TPE}} [[Chang Ching-hui (badminton)|Chang C-h]]<br/>{{flagicon|TPE}} [[Yang Ching-tun|Yang C-t]],'''24'''-22 | '''21'''-14 | -,Completed,False,1
2026,WD,2026_BWF_World_Championships_Women_s_doubles.wikitext,2,Top half > Section 1,16TeamBracket-Tennis3-Byes,Second round,5,4,'''{{flagicon|HKG}} [[Yeung Nga Ting|Yeung N T]]<br/>{{flagicon|HKG}} [[Yeung Pui Lam|Yeung P L]]''',{{flagicon|USA}} [[Francesca Corbett|F Corbett]]<br/>{{flagicon|USA}} [[Jennie Gai|J Gai]],'''21'''-16 | '''21'''-17 | -,Completed,False,1
2026,WD,2026_BWF_World_Championships_Women_s_doubles.wikitext,2,Top half > Section 1,16TeamBracket-Tennis3-Byes,Third round,4,1,'''{{flagicon|CHN}} [[Liu Shengshu|Liu SS]] <br/>{{flagicon|CHN}} [[Tan Ning (badminton)|Tan N]]''',{{flagicon|BUL}} [[Gabriela Stoeva|G Stoeva]]<br/>{{flagicon|BUL}} [[Stefani Stoeva|S Stoeva]],'''21'''-16 | '''21'''-18 | -,Completed,False,1
2026,WD,2026_BWF_World_Championships_Women_s_doubles.wikitext,2,Top half > Section 1,16TeamBracket-Tennis3-Byes,Third round,4,2,{{flagicon|TPE}} [[Hsu Yin-hui|Hsu Y-h]]<br/>{{flagicon|TPE}} [[Lin Jhih-yun|Lin J-y]],'''{{flagicon|HKG}} [[Yeung Nga Ting|Yeung N T]]<br/>{{flagicon|HKG}} [[Yeung Pui Lam|Yeung P L]]''',18-'''21''' | 16-'''21''' | -,Completed,False,2
2026,WD,2026_BWF_World_Championships_Women_s_doubles.wikitext,2,Top half > Section 1,16TeamBracket-Tennis3-Byes,Quarter-finals,3,1,'''{{flagicon|CHN}} [[Liu Shengshu|Liu SS]] <br/>{{flagicon|CHN}} [[Tan Ning (badminton)|Tan N]]''',{{flagicon|HKG}} [[Yeung Nga Ting|Yeung N T]]<br/>{{flagicon|HKG}} [[Yeung Pui Lam|Yeung P L]],'''21'''-14 | '''21'''-17 | -,Completed,False,1
2026,WD,2026_BWF_World_Championships_Women_s_doubles.wikitext,3,Top half > Section 2,16TeamBracket-Tennis3-Byes,First round,6,2,'''{{flagicon|HKG}} [[Lui Lok Lok|Lui L L]]<br/>{{flagicon|HKG}} [[Tsang Hiu Yan|Tsang H Y]]''',{{flagicon|ITA}} [[Martina Corsini|M Corsini]]<br/>{{flagicon|ITA}} [[Emma Piccinin|E Piccinin]],'''21'''-16 | '''21'''-14 | -,Completed,False,1
2026,WD,2026_BWF_World_Championships_Women_s_doubles.wikitext,3,Top half > Section 2,16TeamBracket-Tennis3-Byes,First round,6,4,'''{{flagicon|RSA}} [[Amy Ackerman|A Ackerman]]<br/>{{flagicon|RSA}} [[Johanita Scholtz|J Scholtz]]''',{{flagicon|SUI}} [[Aline Müller|A Müller]]<br/>{{flagicon|NED}} [[Kelly van Buiten|K van Buiten]],20-'''22''' | '''21'''-17 | '''21'''-17,Completed,False,1
2026,WD,2026_BWF_World_Championships_Women_s_doubles.wikitext,3,Top half > Section 2,16TeamBracket-Tennis3-Byes,First round,6,6,'''{{flagicon|THA}} [[Hathaithip Mijad|H Mijad]]<br/>{{flagicon|THA}} [[Napapakorn Tungkasatan|N Tungkasatan]]''',{{flagicon|NED}} [[Kirsten de Wit|K de Wit]]<br/>{{flagicon|NED}} [[Meerte Loos|M Loos]],'''21'''-19 | '''21'''-13 | -,Completed,False,1
2026,WD,2026_BWF_World_Championships_Women_s_doubles.wikitext,3,Top half > Section 2,16TeamBracket-Tennis3-Byes,First round,6,8,'''{{flagicon|IND}} [[Treesa Jolly|T Jolly]]<br/>{{flagicon|IND}} [[Gayatri Gopichand|G Gopichand]]''',{{flagicon|ESP}} [[Paula López (badminton)|P López]]<br/>{{flagicon|ESP}} [[Lucía Rodríguez (badminton)|L Rodríguez]],'''21'''-9 | '''21'''-13 | -,Completed,False,1
2026,WD,2026_BWF_World_Championships_Women_s_doubles.wikitext,3,Top half > Section 2,16TeamBracket-Tennis3-Byes,Second round,5,1,'''{{flagicon|CHN}} [[Jia Yifan|Jia YF]]<br/>{{flagicon|CHN}} [[Zhang Shuxian|Zhang SX]]''',{{flagicon|HKG}} [[Lui Lok Lok|Lui L L]]<br/>{{flagicon|HKG}} [[Tsang Hiu Yan|Tsang H Y]],'''21'''-13 | '''21'''-10 | -,Completed,False,1
2026,WD,2026_BWF_World_Championships_Women_s_doubles.wikitext,3,Top half > Section 2,16TeamBracket-Tennis3-Byes,Second round,5,2,'''{{flagicon|TPE}} [[Hsieh Pei-shan|Hsieh P-s]]<br/>{{flagicon|TPE}} [[Hung En-tzu|Hung E-t]]''',{{flagicon|RSA}} [[Amy Ackerman|A Ackerman]]<br/>{{flagicon|RSA}} [[Johanita Scholtz|J Scholtz]],'''21'''-15 | '''21'''-7 | -,Completed,False,1
2026,WD,2026_BWF_World_Championships_Women_s_doubles.wikitext,3,Top half > Section 2,16TeamBracket-Tennis3-Byes,Second round,5,3,'''{{flagicon|JPN}} [[Rin Iwanaga|R Iwanaga]]<br/>{{flagicon|JPN}} [[Kie Nakanishi|K Nakanishi]]''',{{flagicon|THA}} [[Hathaithip Mijad|H Mijad]]<br/>{{flagicon|THA}} [[Napapakorn Tungkasatan|N Tungkasatan]],'''21'''-15 | '''21'''-14 | -,Completed,False,1
2026,WD,2026_BWF_World_Championships_Women_s_doubles.wikitext,3,Top half > Section 2,16TeamBracket-Tennis3-Byes,Second round,5,4,{{flagicon|USA}} [[Lauren Lam|L Lam]]<br/>{{flagicon|USA}} [[Allison Lee (badminton)|A Lee]],'''{{flagicon|IND}} [[Treesa Jolly|T Jolly]]<br/>{{flagicon|IND}} [[Gayatri Gopichand|G Gopichand]]''',15-'''21''' | 12-'''21''' | -,Completed,False,2
2026,WD,2026_BWF_World_Championships_Women_s_doubles.wikitext,3,Top half > Section 2,16TeamBracket-Tennis3-Byes,Third round,4,1,'''{{flagicon|CHN}} [[Jia Yifan|Jia YF]]<br/>{{flagicon|CHN}} [[Zhang Shuxian|Zhang SX]]''',{{flagicon|TPE}} [[Hsieh Pei-shan|Hsieh P-s]]<br/>{{flagicon|TPE}} [[Hung En-tzu|Hung E-t]],'''21'''-11 | '''21'''-18 | -,Completed,False,1
2026,WD,2026_BWF_World_Championships_Women_s_doubles.wikitext,3,Top half > Section 2,16TeamBracket-Tennis3-Byes,Third round,4,2,{{flagicon|JPN}} [[Rin Iwanaga|R Iwanaga]]<br/>{{flagicon|JPN}} [[Kie Nakanishi|K Nakanishi]],'''{{flagicon|IND}} [[Treesa Jolly|T Jolly]]<br/>{{flagicon|IND}} [[Gayatri Gopichand|G Gopichand]]''',16-'''21''' | 12-'''21''' | -,Completed,False,2
2026,WD,2026_BWF_World_Championships_Women_s_doubles.wikitext,3,Top half > Section 2,16TeamBracket-Tennis3-Byes,Quarter-finals,3,1,{{flagicon|CHN}} [[Jia Yifan|Jia YF]]<br/>{{flagicon|CHN}} [[Zhang Shuxian|Zhang SX]],'''{{flagicon|IND}} [[Treesa Jolly|T Jolly]]<br/>{{flagicon|IND}} [[Gayatri Gopichand|G Gopichand]]''','''21'''-16 | 15-'''21''' | 13-'''21''',Completed,False,2
2026,WD,2026_BWF_World_Championships_Women_s_doubles.wikitext,4,Bottom half > Section 3,16TeamBracket-Tennis3-Byes,First round,6,1,{{flagicon|SWE}} [[Fiona Hallberg|F Hallberg]]<br/>{{flagicon|SWE}} [[Elin Öhling|E Öhling]],'''{{flagicon|TUR}} [[Yasemen Bektaş|Y Bektaş]]<br/>{{flagicon|TUR}} [[Sinem Yıldız|S Yıldız]]''',16-'''21''' | '''21'''-18 | 13-'''21''',Completed,False,2
2026,WD,2026_BWF_World_Championships_Women_s_doubles.wikitext,4,Bottom half > Section 3,16TeamBracket-Tennis3-Byes,First round,6,3,{{flagicon|UAE}} [[Mysha Omer Khan|M O Khan]]<br/>{{flagicon|UAE}} [[Taabia Khan|T Khan]],'''{{flagicon|TUR}} [[Bengisu Erçetin|B Erçetin]]<br/>{{flagicon|TUR}} [[Nazlıcan İnci|N İnci]]''',12-'''21''' | 9-'''21''' | -,Completed,False,2
2026,WD,2026_BWF_World_Championships_Women_s_doubles.wikitext,4,Bottom half > Section 3,16TeamBracket-Tennis3-Byes,First round,6,5,'''{{flagicon|CHN}} [[Luo Yi (badminton)|Luo Y]]<br/>{{flagicon|CHN}} [[Wang Tingge|Wang TG]]''',{{flagicon|DEN}} [[Kathrine Vang|K Vang]]<br/>{{flagicon|DEN}} [[Mette Werge|M Werge]],'''21'''-11 | '''21'''-15 | -,Completed,False,1
2026,WD,2026_BWF_World_Championships_Women_s_doubles.wikitext,4,Bottom half > Section 3,16TeamBracket-Tennis3-Byes,First round,6,7,{{flagicon|AUT}} [[Sarah Dlapka|S Dlapka]]<br/>{{flagicon|AUT}} [[Lena Rumpold|L Rumpold]],'''{{flagicon|JPN}} [[Kaho Osawa|K Osawa]]<br/>{{flagicon|JPN}} [[Mai Tanabe|M Tanabe]]''',5-'''21''' | 7-'''21''' | -,Completed,False,2
2026,WD,2026_BWF_World_Championships_Women_s_doubles.wikitext,4,Bottom half > Section 3,16TeamBracket-Tennis3-Byes,Second round,5,1,{{flagicon|TUR}} [[Yasemen Bektaş|Y Bektaş]]<br/>{{flagicon|TUR}} [[Sinem Yıldız|S Yıldız]],'''{{flagicon|INA}} [[Febriana Dwipuji Kusuma|F D Kusuma]]<br/>{{flagicon|INA}} [[Meilysa Trias Puspita Sari|M T Puspita Sari]]''',12-'''21''' | 14-'''21''' | -,Completed,False,2
2026,WD,2026_BWF_World_Championships_Women_s_doubles.wikitext,4,Bottom half > Section 3,16TeamBracket-Tennis3-Byes,Second round,5,2,{{flagicon|TUR}} [[Bengisu Erçetin|B Erçetin]]<br/>{{flagicon|TUR}} [[Nazlıcan İnci|N İnci]],'''{{flagicon|MAS}} [[Pearly Tan|P Tan]]<br/>{{flagicon|MAS}} [[Thinaah Muralitharan|Thinaah M]]''',16-'''21''' | 13-'''21''' | -,Completed,False,2
2026,WD,2026_BWF_World_Championships_Women_s_doubles.wikitext,4,Bottom half > Section 3,16TeamBracket-Tennis3-Byes,Second round,5,3,{{flagicon|CHN}} [[Luo Yi (badminton)|Luo Y]]<br/>{{flagicon|CHN}} [[Wang Tingge|Wang TG]],'''{{flagicon|JPN}} [[Rui Hirokami|R Hirokami]]<br/>{{flagicon|JPN}} [[Sayaka Hobara|S Hobara]]''',11-'''21''' | '''21'''-19 | 6-'''21''',Completed,False,2
2026,WD,2026_BWF_World_Championships_Women_s_doubles.wikitext,4,Bottom half > Section 3,16TeamBracket-Tennis3-Byes,Second round,5,4,{{flagicon|JPN}} [[Kaho Osawa|K Osawa]]<br/>{{flagicon|JPN}} [[Mai Tanabe|M Tanabe]],'''{{flagicon|KOR}} [[Baek Ha-na|Baek H-n]]<br/>{{flagicon|KOR}} [[Lee So-hee|Lee S-h]]''',18-'''21''' | 8-'''21''' | -,Completed,False,2
2026,WD,2026_BWF_World_Championships_Women_s_doubles.wikitext,4,Bottom half > Section 3,16TeamBracket-Tennis3-Byes,Third round,4,1,'''{{flagicon|INA}} [[Febriana Dwipuji Kusuma|F D Kusuma]]<br/>{{flagicon|INA}} [[Meilysa Trias Puspita Sari|M T Puspita Sari]]''',{{flagicon|MAS}} [[Pearly Tan|P Tan]]<br/>{{flagicon|MAS}} [[Thinaah Muralitharan|Thinaah M]],20-'''22''' | '''21'''-18 | '''21'''-12,Completed,False,1
2026,WD,2026_BWF_World_Championships_Women_s_doubles.wikitext,4,Bottom half > Section 3,16TeamBracket-Tennis3-Byes,Third round,4,2,{{flagicon|JPN}} [[Rui Hirokami|R Hirokami]]<br/>{{flagicon|JPN}} [[Sayaka Hobara|S Hobara]],'''{{flagicon|KOR}} [[Baek Ha-na|Baek H-n]]<br/>{{flagicon|KOR}} [[Lee So-hee|Lee S-h]]''','''21'''-8 | 13-'''21''' | 9-'''21''',Completed,False,2
2026,WD,2026_BWF_World_Championships_Women_s_doubles.wikitext,4,Bottom half > Section 3,16TeamBracket-Tennis3-Byes,Quarter-finals,3,1,{{flagicon|INA}} [[Febriana Dwipuji Kusuma|F D Kusuma]]<br/>{{flagicon|INA}} [[Meilysa Trias Puspita Sari|M T Puspita Sari]],'''{{flagicon|KOR}} [[Baek Ha-na|Baek H-n]]<br/>{{flagicon|KOR}} [[Lee So-hee|Lee S-h]]''',11-'''21''' | 11-'''21''' | -,Completed,False,2
2026,WD,2026_BWF_World_Championships_Women_s_doubles.wikitext,5,Bottom half > Section 4,16TeamBracket-Tennis3-Byes,First round,6,1,{{flagicon|CAN}} [[Jackie Dent|J Dent]]<br/>{{flagicon|CAN}} [[Crystal Lai|C Lai]],'''{{flagicon|THA}} [[Phattharin Aiamvareesrisakul|P Aiamvareesrisakul]]<br/>{{flagicon|THA}} [[Sarisa Janpeng|S Janpeng]]''',18-'''21''' | '''21'''-19 | 17-'''21''',Completed,False,2
2026,WD,2026_BWF_World_Championships_Women_s_doubles.wikitext,5,Bottom half > Section 4,16TeamBracket-Tennis3-Byes,First round,6,3,{{flagicon|EGY}} [[Nour Ahmed Youssri|N A Youssri]]<br/>{{flagicon|EGY}} [[Doha Hany|D Hany]],'''{{flagicon|POL}} [[Paulina Cybulska|P Cybulska]]<br/>{{flagicon|POL}} [[Kornelia Marczak|K Marczak]]''',11-'''21''' | 14-'''21''' | -,Completed,False,2
2026,WD,2026_BWF_World_Championships_Women_s_doubles.wikitext,5,Bottom half > Section 4,16TeamBracket-Tennis3-Byes,First round,6,5,'''{{flagicon|INA}} [[Isyana Syahira Meida|I S Meida]]<br/>{{flagicon|INA}} [[Rinjani Kwinnara Nastine|R K Nastine]]''',{{flagicon|SCO}} [[Julie MacPherson|J MacPherson]]<br/>{{flagicon|SCO}} [[Ciara Torrance|C Torrance]],'''21'''-12 | '''21'''-18 | -,Completed,False,1
2026,WD,2026_BWF_World_Championships_Women_s_doubles.wikitext,5,Bottom half > Section 4,16TeamBracket-Tennis3-Byes,First round,6,7,'''{{flagicon|MAS}} [[Ong Xin Yee|Ong X Y]]<br/>{{flagicon|MAS}} [[Carmen Ting|C Ting]]''',{{flagicon|UKR}} [[Polina Buhrova|P Buhrova]]<br/>{{flagicon|UKR}} [[Yevheniia Kantemyr|Y Kantemyr]],'''21'''-17 | '''21'''-12 | -,Completed,False,1
2026,WD,2026_BWF_World_Championships_Women_s_doubles.wikitext,5,Bottom half > Section 4,16TeamBracket-Tennis3-Byes,Second round,5,1,{{flagicon|THA}} [[Phattharin Aiamvareesrisakul|P Aiamvareesrisakul]]<br/>{{flagicon|THA}} [[Sarisa Janpeng|S Janpeng]],'''{{flagicon|TPE}} [[Hsu Ya-ching|Hsu Y-c]]<br/>{{flagicon|TPE}} [[Sung Yu-hsuan|Sung Y-h]]''',14-'''21''' | 14-'''21''' | -,Completed,False,2
2026,WD,2026_BWF_World_Championships_Women_s_doubles.wikitext,5,Bottom half > Section 4,16TeamBracket-Tennis3-Byes,Second round,5,2,{{flagicon|POL}} [[Paulina Cybulska|P Cybulska]]<br/>{{flagicon|POL}} [[Kornelia Marczak|K Marczak]],'''{{flagicon|CHN}} [[Li Yijing|Li YJ]]<br/>{{flagicon|CHN}} [[Luo Xumin|Luo XM]]''',8-'''21''' | 10-'''21''' | -,Completed,False,2
2026,WD,2026_BWF_World_Championships_Women_s_doubles.wikitext,5,Bottom half > Section 4,16TeamBracket-Tennis3-Byes,Second round,5,3,{{flagicon|INA}} [[Isyana Syahira Meida|I S Meida]]<br/>{{flagicon|INA}} [[Rinjani Kwinnara Nastine|R K Nastine]],'''{{flagicon|INA}} [[Rachel Allessya Rose|R A Rose]]<br/>{{flagicon|INA}} [[Febi Setianingrum|F Setianingrum]]''',11-'''21''' | 10-'''21''' | -,Completed,False,2
2026,WD,2026_BWF_World_Championships_Women_s_doubles.wikitext,5,Bottom half > Section 4,16TeamBracket-Tennis3-Byes,Second round,5,4,{{flagicon|MAS}} [[Ong Xin Yee|Ong X Y]]<br/>{{flagicon|MAS}} [[Carmen Ting|C Ting]],'''{{flagicon|JPN}} [[Yuki Fukushima|Y Fukushima]] <br/>{{flagicon|JPN}} [[Mayu Matsumoto|M Matsumoto]]''',15-'''21''' | 15-'''21''' | -,Completed,False,2
2026,WD,2026_BWF_World_Championships_Women_s_doubles.wikitext,5,Bottom half > Section 4,16TeamBracket-Tennis3-Byes,Third round,4,1,{{flagicon|TPE}} [[Hsu Ya-ching|Hsu Y-c]]<br/>{{flagicon|TPE}} [[Sung Yu-hsuan|Sung Y-h]],'''{{flagicon|CHN}} [[Li Yijing|Li YJ]]<br/>{{flagicon|CHN}} [[Luo Xumin|Luo XM]]''',13-'''21''' | 15-'''21''' | -,Completed,False,2
2026,WD,2026_BWF_World_Championships_Women_s_doubles.wikitext,5,Bottom half > Section 4,16TeamBracket-Tennis3-Byes,Third round,4,2,'''{{flagicon|INA}} [[Rachel Allessya Rose|R A Rose]]<br/>{{flagicon|INA}} [[Febi Setianingrum|F Setianingrum]]''',{{flagicon|JPN}} [[Yuki Fukushima|Y Fukushima]] <br/>{{flagicon|JPN}} [[Mayu Matsumoto|M Matsumoto]],'''21'''-9 | 6-11<sup>r</sup> | -,Retired,False,1
2026,WD,2026_BWF_World_Championships_Women_s_doubles.wikitext,5,Bottom half > Section 4,16TeamBracket-Tennis3-Byes,Quarter-finals,3,1,'''{{flagicon|CHN}} [[Li Yijing|Li YJ]]<br/>{{flagicon|CHN}} [[Luo Xumin|Luo XM]]''',{{flagicon|INA}} [[Rachel Allessya Rose|R A Rose]]<br/>{{flagicon|INA}} [[Febi Setianingrum|F Setianingrum]],'''21'''-13 | '''21'''-14 | -,Completed,False,1
2026,WS,2026_BWF_World_Championships_Women_s_singles.wikitext,1,Finals,4TeamBracket-Tennis3,Semi-finals,2,1,'''{{flagicon|KOR}} [[An Se-young]]''',{{flagicon|CHN}} [[Wang Zhiyi]],'''24'''-22 | '''21'''-16 | -,Completed,False,1
2026,WS,2026_BWF_World_Championships_Women_s_singles.wikitext,1,Finals,4TeamBracket-Tennis3,Semi-finals,2,2,{{flagicon|THA}} [[Pornpawee Chochuwong]],'''{{flagicon|JPN}} [[Akane Yamaguchi]]''',12-'''21''' | 17-'''21''' | -,Completed,False,2
2026,WS,2026_BWF_World_Championships_Women_s_singles.wikitext,1,Finals,4TeamBracket-Tennis3,Final,1,1,'''{{flagicon|KOR}} [[An Se-young]]''',{{flagicon|JPN}} [[Akane Yamaguchi]],'''21'''-17 | '''21'''-14 | -,Completed,False,1
2026,WS,2026_BWF_World_Championships_Women_s_singles.wikitext,2,Top half > Section 1,16TeamBracket-Tennis3,First round,6,1,'''{{flagicon|KOR}} [[An Se-young|An S-y]]''',{{flagicon|BUL}} [[Kaloyana Nalbantova|K Nalbantova]],'''21'''-14 | '''21'''-13 | -,Completed,False,1
2026,WS,2026_BWF_World_Championships_Women_s_singles.wikitext,2,Top half > Section 1,16TeamBracket-Tennis3,First round,6,2,'''{{flagicon|INA}} [[Thalita Ramadhani Wiryawan|T R Wiryawan]]''',{{flagicon|PER}} [[Inés Castillo|I Castillo]],'''22'''-20 | '''21'''-7 | -,Completed,False,1
2026,WS,2026_BWF_World_Championships_Women_s_singles.wikitext,2,Top half > Section 1,16TeamBracket-Tennis3,First round,6,3,'''{{flagicon|DEN}} [[Mia Blichfeldt|M Blichfeldt]]''',{{flagicon|AZE}} [[Keisha Fatimah Azzahra|K F Azzahra]],'''21'''-18 | '''21'''-4 | -,Completed,False,1
2026,WS,2026_BWF_World_Championships_Women_s_singles.wikitext,2,Top half > Section 1,16TeamBracket-Tennis3,First round,6,4,{{flagicon|THA}} [[Busanan Ongbamrungphan|B Ongbamrungphan]],'''{{flagicon|THA}} [[Supanida Katethong|S Katethong]]''','''22'''-20 | 11-'''21''' | 9-'''21''',Completed,False,2
2026,WS,2026_BWF_World_Championships_Women_s_singles.wikitext,2,Top half > Section 1,16TeamBracket-Tennis3,First round,6,5,'''{{flagicon|CHN}} [[Han Yue|Han Y]]''',{{flagicon|SCO}} [[Kirsty Gilmour|K Gilmour]],20-'''22''' | '''21'''-13 | '''21'''-13,Completed,False,1
2026,WS,2026_BWF_World_Championships_Women_s_singles.wikitext,2,Top half > Section 1,16TeamBracket-Tennis3,First round,6,6,'''{{flagicon|GER}} [[Yvonne Li|Y Li]]''',{{flagicon|HUN}} [[Ágnes Kőrösi|Á Kőrösi]],'''21'''-12 | '''21'''-7 | -,Completed,False,1
2026,WS,2026_BWF_World_Championships_Women_s_singles.wikitext,2,Top half > Section 1,16TeamBracket-Tennis3,First round,6,7,'''{{flagicon|KOR}} [[Kim Ga-eun (badminton)|Kim G-e]]''',{{flagicon|EGY}} [[Nour Ahmed Youssri|N A Youssri]],'''21'''-7 | '''21'''-5 | -,Completed,False,1
2026,WS,2026_BWF_World_Championships_Women_s_singles.wikitext,2,Top half > Section 1,16TeamBracket-Tennis3,First round,6,8,'''{{flagicon|HUN}} [[Vivien Sándorházi|V Sándorházi]]''',{{flagicon|SUI}} [[Milena Schnider|M Schnider]],'''21'''-5 | '''21'''-14 | -,Completed,False,1
2026,WS,2026_BWF_World_Championships_Women_s_singles.wikitext,2,Top half > Section 1,16TeamBracket-Tennis3,Second round,5,1,'''{{flagicon|KOR}} [[An Se-young|An S-y]]''',{{flagicon|INA}} [[Thalita Ramadhani Wiryawan|T R Wiryawan]],'''21'''-15 | '''21'''-11 | -,Completed,False,1
2026,WS,2026_BWF_World_Championships_Women_s_singles.wikitext,2,Top half > Section 1,16TeamBracket-Tennis3,Second round,5,2,'''{{flagicon|DEN}} [[Mia Blichfeldt|M Blichfeldt]]''',{{flagicon|THA}} [[Supanida Katethong|S Katethong]],'''21'''-19 | 11-'''21''' | '''22'''-20,Completed,False,1
2026,WS,2026_BWF_World_Championships_Women_s_singles.wikitext,2,Top half > Section 1,16TeamBracket-Tennis3,Second round,5,3,'''{{flagicon|CHN}} [[Han Yue|Han Y]]''',{{flagicon|GER}} [[Yvonne Li|Y Li]],'''21'''-14 | '''21'''-8 | -,Completed,False,1
2026,WS,2026_BWF_World_Championships_Women_s_singles.wikitext,2,Top half > Section 1,16TeamBracket-Tennis3,Second round,5,4,'''{{flagicon|KOR}} [[Kim Ga-eun (badminton)|Kim G-e]]''',{{flagicon|HUN}} [[Vivien Sándorházi|V Sándorházi]],'''24'''-22 | '''21'''-15 | -,Completed,False,1
2026,WS,2026_BWF_World_Championships_Women_s_singles.wikitext,2,Top half > Section 1,16TeamBracket-Tennis3,Third round,4,1,'''{{flagicon|KOR}} [[An Se-young|An S-y]]''',{{flagicon|DEN}} [[Mia Blichfeldt|M Blichfeldt]],'''21'''-16 | '''21'''-10 | -,Completed,False,1
2026,WS,2026_BWF_World_Championships_Women_s_singles.wikitext,2,Top half > Section 1,16TeamBracket-Tennis3,Third round,4,2,'''{{flagicon|CHN}} [[Han Yue|Han Y]]''',{{flagicon|KOR}} [[Kim Ga-eun (badminton)|Kim G-e]],'''21'''-19 | 20-'''22''' | '''21'''-14,Completed,False,1
2026,WS,2026_BWF_World_Championships_Women_s_singles.wikitext,2,Top half > Section 1,16TeamBracket-Tennis3,Quarter-finals,3,1,'''{{flagicon|KOR}} [[An Se-young|An S-y]]''',{{flagicon|CHN}} [[Han Yue|Han Y]],'''21'''-19 | '''21'''-12 | -,Completed,False,1
2026,WS,2026_BWF_World_Championships_Women_s_singles.wikitext,3,Top half > Section 2,16TeamBracket-Tennis3,First round,6,1,'''{{flagicon|CHN}} [[Wang Zhiyi|Wang ZY]]''',{{flagicon|USA}} [[Beiwen Zhang|B Zhang]],'''21'''-12 | '''21'''-13 | -,Completed,False,1
2026,WS,2026_BWF_World_Championships_Women_s_singles.wikitext,3,Top half > Section 2,16TeamBracket-Tennis3,First round,6,2,'''{{flagicon|MAS}} [[Letshanaa Karupathevan|Letshanaa K]]''',{{flagicon|UGA}} [[Fadilah Mohamed Rafi|F M Rafi]],'''21'''-11 | '''21'''-7 | -,Completed,False,1
2026,WS,2026_BWF_World_Championships_Women_s_singles.wikitext,3,Top half > Section 2,16TeamBracket-Tennis3,First round,6,3,'''{{flagicon|IND}} [[P. V. Sindhu]]''',{{flagicon|IRE}} [[Sophia Noble|S Noble]],'''21'''-7 | '''21'''-11 | -,Completed,False,1
2026,WS,2026_BWF_World_Championships_Women_s_singles.wikitext,3,Top half > Section 2,16TeamBracket-Tennis3,First round,6,4,{{flagicon|BUL}} [[Stefani Stoeva|S Stoeva]],'''{{flagicon|CAN}} [[Wen Yu Zhang|W Zhang]]''',7-'''21''' | 19-'''21''' | -,Completed,False,2
2026,WS,2026_BWF_World_Championships_Women_s_singles.wikitext,3,Top half > Section 2,16TeamBracket-Tennis3,First round,6,5,'''{{flagicon|INA}} [[Putri Kusuma Wardani|P K Wardani]]''',{{flagicon|PHI}} [[Mikaela de Guzman|M de Guzman]],'''21'''-12 | '''21'''-6 | -,Completed,False,1
2026,WS,2026_BWF_World_Championships_Women_s_singles.wikitext,3,Top half > Section 2,16TeamBracket-Tennis3,First round,6,6,{{flagicon|ITA}} [[Yasmine Hamza|Y Hamza]],'''{{flagicon|CZE}} [[Petra Maixnerová|P Maixnerová]]''',20-'''22''' | '''21'''-16 | 13-'''21''',Completed,False,2
2026,WS,2026_BWF_World_Championships_Women_s_singles.wikitext,3,Top half > Section 2,16TeamBracket-Tennis3,First round,6,7,'''{{flagicon|DEN}} [[Line Christophersen|L Christophersen]]''',{{flagicon|SGP}} [[Megan Lee (badminton)|M Lee]],'''21'''-14 | '''21'''-7 | -,Completed,False,1
2026,WS,2026_BWF_World_Championships_Women_s_singles.wikitext,3,Top half > Section 2,16TeamBracket-Tennis3,First round,6,8,{{flagicon|BRA}} [[Juliana Viana Vieira|J V Vieira]],'''{{flagicon|HKG}} [[Liang Ka Wing|Liang K W]]''',18-'''21''' | 17-'''21''' | -,Completed,False,2
2026,WS,2026_BWF_World_Championships_Women_s_singles.wikitext,3,Top half > Section 2,16TeamBracket-Tennis3,Second round,5,1,'''{{flagicon|CHN}} [[Wang Zhiyi|Wang ZY]]''',{{flagicon|MAS}} [[Letshanaa Karupathevan|Letshanaa K]],'''21'''-16 | '''21'''-9 | -,Completed,False,1
2026,WS,2026_BWF_World_Championships_Women_s_singles.wikitext,3,Top half > Section 2,16TeamBracket-Tennis3,Second round,5,2,'''{{flagicon|IND}} [[P. V. Sindhu]]''',{{flagicon|CAN}} [[Wen Yu Zhang|W Zhang]],'''21'''-16 | '''21'''-17 | -,Completed,False,1
2026,WS,2026_BWF_World_Championships_Women_s_singles.wikitext,3,Top half > Section 2,16TeamBracket-Tennis3,Second round,5,3,'''{{flagicon|INA}} [[Putri Kusuma Wardani|P K Wardani]]''',{{flagicon|CZE}} [[Petra Maixnerová|P Maixnerová]],'''21'''-9 | '''21'''-12 | -,Completed,False,1
2026,WS,2026_BWF_World_Championships_Women_s_singles.wikitext,3,Top half > Section 2,16TeamBracket-Tennis3,Second round,5,4,'''{{flagicon|DEN}} [[Line Christophersen|L Christophersen]]''',{{flagicon|HKG}} [[Liang Ka Wing|Liang K W]],'''21'''-12 | '''21'''-15 | -,Completed,False,1
2026,WS,2026_BWF_World_Championships_Women_s_singles.wikitext,3,Top half > Section 2,16TeamBracket-Tennis3,Third round,4,1,'''{{flagicon|CHN}} [[Wang Zhiyi|Wang ZY]]''',{{flagicon|IND}} [[P. V. Sindhu]],'''21'''-11 | 15-'''21''' | '''21'''-17,Completed,False,1
2026,WS,2026_BWF_World_Championships_Women_s_singles.wikitext,3,Top half > Section 2,16TeamBracket-Tennis3,Third round,4,2,{{flagicon|INA}} [[Putri Kusuma Wardani|P K Wardani]],'''{{flagicon|DEN}} [[Line Christophersen|L Christophersen]]''',18-'''21''' | 17-'''21''' | -,Completed,False,2
2026,WS,2026_BWF_World_Championships_Women_s_singles.wikitext,3,Top half > Section 2,16TeamBracket-Tennis3,Quarter-finals,3,1,'''{{flagicon|CHN}} [[Wang Zhiyi|Wang ZY]]''',{{flagicon|DEN}} [[Line Christophersen|L Christophersen]],'''21'''-10 | '''21'''-7 | -,Completed,False,1
2026,WS,2026_BWF_World_Championships_Women_s_singles.wikitext,4,Bottom half > Section 3,16TeamBracket-Tennis3,First round,6,1,'''{{flagicon|TPE}} [[Lin Hsiang-ti|Lin H-t]]''',{{flagicon|FRA}} [[Anna Tatranova|A Tatranova]],'''21'''-13 | '''21'''-8 | -,Completed,False,1
2026,WS,2026_BWF_World_Championships_Women_s_singles.wikitext,4,Bottom half > Section 3,16TeamBracket-Tennis3,First round,6,2,{{flagicon|TUR}} [[Özge Bayrak|Ö Bayrak]],'''{{flagicon|JPN}} [[Nozomi Okuhara|N Okuhara]]''','''21'''-18 | 16-'''21''' | 9-'''21''',Completed,False,2
2026,WS,2026_BWF_World_Championships_Women_s_singles.wikitext,4,Bottom half > Section 3,16TeamBracket-Tennis3,First round,6,3,'''{{flagicon|USA}} [[Ishika Jaiswal|I Jaiswal]]''',{{flagicon|MEX}} [[Sabrina Solís|S Solís]],'''21'''-10 | '''21'''-5 | -,Completed,False,1
2026,WS,2026_BWF_World_Championships_Women_s_singles.wikitext,4,Bottom half > Section 3,16TeamBracket-Tennis3,First round,6,4,{{flagicon|TUR}} [[Neslihan Arın|N Arın]],'''{{flagicon|THA}} [[Ratchanok Intanon|R Intanon]]''',14-'''21''' | 10-'''21''' | -,Completed,False,2
2026,WS,2026_BWF_World_Championships_Women_s_singles.wikitext,4,Bottom half > Section 3,16TeamBracket-Tennis3,First round,6,5,'''{{flagicon|NZL}} [[Shaunna Li|S Li]]''',{{flagicon|SUI}} [[Dounia Pelupessy|D Pelupessy]],18-'''21''' | '''21'''-12 | '''21'''-13,Completed,False,1
2026,WS,2026_BWF_World_Championships_Women_s_singles.wikitext,4,Bottom half > Section 3,16TeamBracket-Tennis3,First round,6,6,{{flagicon|SRI}} [[Ranithma Liaynage|R Liyanage]],'''{{flagicon|THA}} [[Pornpawee Chochuwong|P Chochuwong]]''',12-'''21''' | 16-'''21''' | -,Completed,False,2
2026,WS,2026_BWF_World_Championships_Women_s_singles.wikitext,4,Bottom half > Section 3,16TeamBracket-Tennis3,First round,6,7,{{flagicon|UAE}} [[Prakriti Bharath|P Bharath]],'''{{flagicon|UKR}} [[Polina Buhrova|P Buhrova]]''',13-'''21''' | '''22'''-20 | 14-'''21''',Completed,False,2
2026,WS,2026_BWF_World_Championships_Women_s_singles.wikitext,4,Bottom half > Section 3,16TeamBracket-Tennis3,First round,6,8,{{flagicon|HKG}} [[Lo Sin Yan|Lo S Y]],'''{{flagicon|CHN}} [[Chen Yufei|Chen YF]]''','''21'''-18 | 8-'''21''' | 11-'''21''',Completed,False,2
2026,WS,2026_BWF_World_Championships_Women_s_singles.wikitext,4,Bottom half > Section 3,16TeamBracket-Tennis3,Second round,5,1,{{flagicon|TPE}} [[Lin Hsiang-ti|Lin H-t]],'''{{flagicon|JPN}} [[Nozomi Okuhara|N Okuhara]]''',11-'''21''' | 16-'''21''' | -,Completed,False,2
2026,WS,2026_BWF_World_Championships_Women_s_singles.wikitext,4,Bottom half > Section 3,16TeamBracket-Tennis3,Second round,5,2,'''{{flagicon|USA}} [[Ishika Jaiswal|I Jaiswal]]''',{{flagicon|THA}} [[Ratchanok Intanon|R Intanon]],13-'''21''' | 11-7<sup>r</sup> | -,Retired,False,1
2026,WS,2026_BWF_World_Championships_Women_s_singles.wikitext,4,Bottom half > Section 3,16TeamBracket-Tennis3,Second round,5,3,{{flagicon|NZL}} [[Shaunna Li|S Li]],'''{{flagicon|THA}} [[Pornpawee Chochuwong|P Chochuwong]]''',13-'''21''' | 13-'''21''' | -,Completed,False,2
2026,WS,2026_BWF_World_Championships_Women_s_singles.wikitext,4,Bottom half > Section 3,16TeamBracket-Tennis3,Second round,5,4,{{flagicon|UKR}} [[Polina Buhrova|P Buhrova]],'''{{flagicon|CHN}} [[Chen Yufei|Chen YF]]''',18-'''21''' | 12-'''21''' | -,Completed,False,2
2026,WS,2026_BWF_World_Championships_Women_s_singles.wikitext,4,Bottom half > Section 3,16TeamBracket-Tennis3,Third round,4,1,'''{{flagicon|JPN}} [[Nozomi Okuhara|N Okuhara]]''',{{flagicon|USA}} [[Ishika Jaiswal|I Jaiswal]],'''21'''-11 | 13-'''21''' | '''21'''-12,Completed,False,1
2026,WS,2026_BWF_World_Championships_Women_s_singles.wikitext,4,Bottom half > Section 3,16TeamBracket-Tennis3,Third round,4,2,'''{{flagicon|THA}} [[Pornpawee Chochuwong|P Chochuwong]]''',{{flagicon|CHN}} [[Chen Yufei|Chen YF]],15-'''21''' | '''25'''-23 | '''21'''-17,Completed,False,1
2026,WS,2026_BWF_World_Championships_Women_s_singles.wikitext,4,Bottom half > Section 3,16TeamBracket-Tennis3,Quarter-finals,3,1,{{flagicon|JPN}} [[Nozomi Okuhara|N Okuhara]],'''{{flagicon|THA}} [[Pornpawee Chochuwong|P Chochuwong]]''',-w | -/ | -o,Walkover,False,2
2026,WS,2026_BWF_World_Championships_Women_s_singles.wikitext,5,Bottom half > Section 4,16TeamBracket-Tennis3,First round,6,1,{{flagicon|MYA}} [[Thet Htar Thuzar|Thet Htar T]],'''{{flagicon|IND}} [[Unnati Hooda|U Hooda]]''',20-'''22''' | 16-'''21''' | -,Completed,False,2
2026,WS,2026_BWF_World_Championships_Women_s_singles.wikitext,5,Bottom half > Section 4,16TeamBracket-Tennis3,First round,6,2,{{flagicon|TPE}} [[Chiu Pin-chian|Chiu P-c]],'''{{flagicon|CAN}} [[Michelle Li|M Li]]''',20-'''22''' | 12-'''21''' | -,Completed,False,2
2026,WS,2026_BWF_World_Championships_Women_s_singles.wikitext,5,Bottom half > Section 4,16TeamBracket-Tennis3,First round,6,3,{{flagicon|GER}} [[Miranda Wilson (badminton)|M Wilson]],'''{{flagicon|UKR}} [[Yevheniia Kantemyr|Y Kantemyr]]''',12-'''21''' | '''21'''-13 | 17-'''21''',Completed,False,2
2026,WS,2026_BWF_World_Championships_Women_s_singles.wikitext,5,Bottom half > Section 4,16TeamBracket-Tennis3,First round,6,4,{{flagicon|JPN}} [[Riko Gunji|R Gunji]],'''{{flagicon|JPN}} [[Tomoka Miyazaki|T Miyazaki]]''','''21'''-15 | 14-'''21''' | 10-'''21''',Completed,False,2
2026,WS,2026_BWF_World_Championships_Women_s_singles.wikitext,5,Bottom half > Section 4,16TeamBracket-Tennis3,First round,6,5,'''{{flagicon|VIE}} [[Vũ Thị Trang|Vũ T T]]''',{{flagicon|EST}} [[Kristin Kuuba|K Kuuba]],'''21'''-13 | '''21'''-9 | -,Completed,False,1
2026,WS,2026_BWF_World_Championships_Women_s_singles.wikitext,5,Bottom half > Section 4,16TeamBracket-Tennis3,First round,6,6,{{flagicon|CZE}} [[Tereza Švábíková|T Švábíková]],'''{{flagicon|KOR}} [[Sim Yu-jin|Sim Y-j]]''',17-'''21''' | 17-'''21''' | -,Completed,False,2
2026,WS,2026_BWF_World_Championships_Women_s_singles.wikitext,5,Bottom half > Section 4,16TeamBracket-Tennis3,First round,6,7,'''{{flagicon|MAS}} [[Wong Ling Ching|Wong L C]]''',{{flagicon|PER}} [[Namie Miyahira|N Miyahira]],'''21'''-10 | '''21'''-12 | -,Completed,False,1
2026,WS,2026_BWF_World_Championships_Women_s_singles.wikitext,5,Bottom half > Section 4,16TeamBracket-Tennis3,First round,6,8,{{flagicon|VIE}} [[Nguyễn Thùy Linh|Nguyễn T L]],'''{{flagicon|JPN}} [[Akane Yamaguchi|A Yamaguchi]]''',12-'''21''' | 10-'''21''' | -,Completed,False,2
2026,WS,2026_BWF_World_Championships_Women_s_singles.wikitext,5,Bottom half > Section 4,16TeamBracket-Tennis3,Second round,5,1,{{flagicon|IND}} [[Unnati Hooda|U Hooda]],'''{{flagicon|CAN}} [[Michelle Li|M Li]]''','''21'''-11 | 9-'''21''' | 21-'''23''',Completed,False,2
2026,WS,2026_BWF_World_Championships_Women_s_singles.wikitext,5,Bottom half > Section 4,16TeamBracket-Tennis3,Second round,5,2,{{flagicon|UKR}} [[Yevheniia Kantemyr|Y Kantemyr]],'''{{flagicon|JPN}} [[Tomoka Miyazaki|T Miyazaki]]''',14-'''21''' | 13-'''21''' | -,Completed,False,2
2026,WS,2026_BWF_World_Championships_Women_s_singles.wikitext,5,Bottom half > Section 4,16TeamBracket-Tennis3,Second round,5,3,{{flagicon|VIE}} [[Vũ Thị Trang|Vũ T T]],'''{{flagicon|KOR}} [[Sim Yu-jin|Sim Y-j]]''',17-'''21''' | '''21'''-19 | 11-'''21''',Completed,False,2
2026,WS,2026_BWF_World_Championships_Women_s_singles.wikitext,5,Bottom half > Section 4,16TeamBracket-Tennis3,Second round,5,4,{{flagicon|MAS}} [[Wong Ling Ching|Wong L C]],'''{{flagicon|JPN}} [[Akane Yamaguchi|A Yamaguchi]]''',18-'''21''' | 10-'''21''' | -,Completed,False,2
2026,WS,2026_BWF_World_Championships_Women_s_singles.wikitext,5,Bottom half > Section 4,16TeamBracket-Tennis3,Third round,4,1,'''{{flagicon|CAN}} [[Michelle Li|M Li]]''',{{flagicon|JPN}} [[Tomoka Miyazaki|T Miyazaki]],17-'''21''' | '''21'''-16 | '''21'''-18,Completed,False,1
2026,WS,2026_BWF_World_Championships_Women_s_singles.wikitext,5,Bottom half > Section 4,16TeamBracket-Tennis3,Third round,4,2,{{flagicon|KOR}} [[Sim Yu-jin|Sim Y-j]],'''{{flagicon|JPN}} [[Akane Yamaguchi|A Yamaguchi]]''',17-'''21''' | 10-'''21''' | -,Completed,False,2
2026,WS,2026_BWF_World_Championships_Women_s_singles.wikitext,5,Bottom half > Section 4,16TeamBracket-Tennis3,Quarter-finals,3,1,{{flagicon|CAN}} [[Michelle Li|M Li]],'''{{flagicon|JPN}} [[Akane Yamaguchi|A Yamaguchi]]''',17-'''21''' | 10-'''21''' | -,Completed,False,2
